#VRML V2.0 utf8
# 3D model generated by easyeda2kicad.py (https://github.com/uPesy/easyeda2kicad.py)

Shape{
    appearance Appearance {
        material  Material 	{
            diffuseColor 0.8313725490196079 0.6705882352941176 0.12941176470588237
            specularColor 0.6666666666666666 0.5372549019607843 0.10196078431372549
            ambientIntensity 0.2
            transparency 0
            shininess 0.5
        }
    }
    geometry IndexedFaceSet {
        ccw TRUE
        solid FALSE
        coord DEF co Coordinate {
            point [
                -1.4469 0.4921 0.1772, -1.3484 0.4921 0.1772, -1.4469 0.2362 0.1772, -1.3484 0.2362 0.1772, -1.4469 0.2602 0.2239, -1.4469 0.217 0.1925, -1.4469 0.2579 0.2277, -1.4469 0.2165 0.1969, -1.4469 0.2564 0.2318, -1.4469 0.4921 0.2165, -1.4469 0.2756 0.2165, -1.4469 0.2712 0.217, -1.4469 0.267 0.2185, -1.4469 0.2165 0.2953, -1.4469 0.2559 0.2953, -1.4469 0.2559 0.2362, -1.4469 0.2277 0.1791, -1.4469 0.2239 0.1815, -1.4469 0.2633 0.2208, -1.4469 0.2208 0.1846, -1.4469 0.2185 0.1883, -1.4469 0.2318 0.1777, -1.3484 0.4921 0.2165, -1.3484 0.2602 0.2239, -1.3484 0.2579 0.2277, -1.3484 0.2165 0.1969, -1.3484 0.2756 0.2165, -1.3484 0.217 0.1925, -1.3484 0.2185 0.1883, -1.3484 0.2633 0.2208, -1.3484 0.2208 0.1846, -1.3484 0.2239 0.1815, -1.3484 0.2559 0.2953, -1.3484 0.2165 0.2953, -1.3484 0.2559 0.2362, -1.3484 0.2564 0.2318, -1.3484 0.2712 0.217, -1.3484 0.267 0.2185, -1.3484 0.2318 0.1777, -1.3484 0.2277 0.1791, 0.6398 0.2602 0.2239, 0.6398 0.217 0.1925, 0.6398 0.2579 0.2277, 0.6398 0.2165 0.1969, 0.6398 0.2564 0.2318, 0.6398 0.4921 0.2165, 0.6398 0.4921 0.1772, 0.6398 0.2756 0.2165, 0.6398 0.2362 0.1772, 0.6398 0.2712 0.217, 0.6398 0.267 0.2185, 0.6398 0.2165 0.2953, 0.6398 0.2559 0.2953, 0.6398 0.2559 0.2362, 0.6398 0.2277 0.1791, 0.6398 0.2239 0.1815, 0.6398 0.2633 0.2208, 0.6398 0.2208 0.1846, 0.6398 0.2185 0.1883, 0.6398 0.2318 0.1777, 0.7382 0.4921 0.2165, 0.7382 0.4921 0.1772, 0.7382 0.2602 0.2239, 0.7382 0.2579 0.2277, 0.7382 0.2165 0.1969, 0.7382 0.2362 0.1772, 0.7382 0.2756 0.2165, 0.7382 0.217 0.1925, 0.7382 0.2185 0.1883, 0.7382 0.2633 0.2208, 0.7382 0.2208 0.1846, 0.7382 0.2239 0.1815, 0.7382 0.2559 0.2953, 0.7382 0.2165 0.2953, 0.7382 0.2559 0.2362, 0.7382 0.2564 0.2318, 0.7382 0.2712 0.217, 0.7382 0.267 0.2185, 0.7382 0.2318 0.1777, 0.7382 0.2277 0.1791, 0.5512 -2.1947 0.9449, 0.4331 -2.1947 0.9449, 0.5512 -2.1947 0.937, 0.4331 -2.1947 0.937, 0.5512 -0.6199 0.9449, 0.5512 -0.6199 0.937, 0.4331 -0.6199 0.9449, 0.4331 -0.6199 0.937, -0.4429 -0.0 0.1772, -0.3445 -0.0 0.1772, -0.4429 -0.2559 0.1772, -0.3445 -0.2559 0.1772, -0.4429 -0.2756 0.2953, -0.4429 -0.2362 0.2953, -0.4429 -0.2756 0.1969, -0.4429 -0.2362 0.2362, -0.4429 -0.2251 0.2185, -0.4429 -0.2288 0.2208, -0.4429 -0.2603 0.1777, -0.4429 -0.2644 0.1791, -0.4429 -0.0 0.2165, -0.4429 -0.2165 0.2165, -0.4429 -0.2209 0.217, -0.4429 -0.2357 0.2318, -0.4429 -0.2343 0.2277, -0.4429 -0.2751 0.1925, -0.4429 -0.2319 0.2239, -0.4429 -0.2682 0.1815, -0.4429 -0.2713 0.1846, -0.4429 -0.2736 0.1883, -0.3445 -0.0 0.2165, -0.3445 -0.2165 0.2165, -0.3445 -0.2319 0.2239, -0.3445 -0.2343 0.2277, -0.3445 -0.2756 0.1969, -0.3445 -0.2209 0.217, -0.3445 -0.2251 0.2185, -0.3445 -0.2603 0.1777, -0.3445 -0.2288 0.2208, -0.3445 -0.2644 0.1791, -0.3445 -0.2682 0.1815, -0.3445 -0.2751 0.1925, -0.3445 -0.2736 0.1883, -0.3445 -0.2713 0.1846, -0.3445 -0.2362 0.2953, -0.3445 -0.2756 0.2953, -0.3445 -0.2362 0.2362, -0.3445 -0.2357 0.2318, 0.1476 -0.0 0.1772, 0.2461 -0.0 0.1772, 0.1476 -0.2559 0.1772, 0.2461 -0.2559 0.1772, 0.2461 -0.2756 0.1969, 0.2461 -0.2756 0.2953, 0.1476 -0.2756 0.1969, 0.1476 -0.2756 0.2953, 0.1476 -0.2362 0.2953, 0.1476 -0.2362 0.2362, 0.1476 -0.2251 0.2185, 0.1476 -0.2288 0.2208, 0.1476 -0.2603 0.1777, 0.1476 -0.2644 0.1791, 0.1476 -0.0 0.2165, 0.1476 -0.2165 0.2165, 0.1476 -0.2209 0.217, 0.1476 -0.2357 0.2318, 0.1476 -0.2343 0.2277, 0.1476 -0.2751 0.1925, 0.1476 -0.2319 0.2239, 0.1476 -0.2682 0.1815, 0.1476 -0.2713 0.1846, 0.1476 -0.2736 0.1883, 0.2461 -0.0 0.2165, 0.2461 -0.2165 0.2165, 0.2461 -0.2319 0.2239, 0.2461 -0.2343 0.2277, 0.2461 -0.2209 0.217, 0.2461 -0.2251 0.2185, 0.2461 -0.2603 0.1777, 0.2461 -0.2288 0.2208, 0.2461 -0.2644 0.1791, 0.2461 -0.2682 0.1815, 0.2461 -0.2751 0.1925, 0.2461 -0.2736 0.1883, 0.2461 -0.2713 0.1846, 0.2461 -0.2362 0.2953, 0.2461 -0.2362 0.2362, 0.2461 -0.2357 0.2318, -0.4331 -2.1947 0.9449, -0.5512 -2.1947 0.9449, -0.4331 -2.1947 0.937, -0.5512 -2.1947 0.937, -0.4331 -0.6199 0.9449, -0.4331 -0.6199 0.937, -0.5512 -0.6199 0.9449, -0.5512 -0.6199 0.937, -0.3445 0.4921 0.1772, -0.2461 0.4921 0.1772, -0.3445 0.2362 0.1772, -0.2461 0.2362 0.1772, -0.3445 0.2602 0.2239, -0.3445 0.217 0.1925, -0.3445 0.2579 0.2277, -0.3445 0.2165 0.1969, -0.3445 0.2564 0.2318, -0.3445 0.4921 0.2165, -0.3445 0.2756 0.2165, -0.3445 0.2712 0.217, -0.3445 0.267 0.2185, -0.3445 0.2165 0.2953, -0.3445 0.2559 0.2953, -0.3445 0.2559 0.2362, -0.3445 0.2277 0.1791, -0.3445 0.2239 0.1815, -0.3445 0.2633 0.2208, -0.3445 0.2208 0.1846, -0.3445 0.2185 0.1883, -0.3445 0.2318 0.1777, -0.2461 0.4921 0.2165, -0.2461 0.2602 0.2239, -0.2461 0.2579 0.2277, -0.2461 0.2165 0.1969, -0.2461 0.2756 0.2165, -0.2461 0.217 0.1925, -0.2461 0.2185 0.1883, -0.2461 0.2633 0.2208, -0.2461 0.2208 0.1846, -0.2461 0.2239 0.1815, -0.2461 0.2559 0.2953, -0.2461 0.2165 0.2953, -0.2461 0.2559 0.2362, -0.2461 0.2564 0.2318, -0.2461 0.2712 0.217, -0.2461 0.267 0.2185, -0.2461 0.2318 0.1777, -0.2461 0.2277 0.1791, 0.7382 -0.0 0.1772, 0.8366 -0.0 0.1772, 0.7382 -0.2559 0.1772, 0.8366 -0.2559 0.1772, 0.8366 -0.2756 0.1969, 0.8366 -0.2756 0.2953, 0.7382 -0.2756 0.1969, 0.7382 -0.2756 0.2953, 0.7382 -0.2362 0.2953, 0.7382 -0.2362 0.2362, 0.7382 -0.2251 0.2185, 0.7382 -0.2288 0.2208, 0.7382 -0.2603 0.1777, 0.7382 -0.2644 0.1791, 0.7382 -0.0 0.2165, 0.7382 -0.2165 0.2165, 0.7382 -0.2209 0.217, 0.7382 -0.2357 0.2318, 0.7382 -0.2343 0.2277, 0.7382 -0.2751 0.1925, 0.7382 -0.2319 0.2239, 0.7382 -0.2682 0.1815, 0.7382 -0.2713 0.1846, 0.7382 -0.2736 0.1883, 0.8366 -0.0 0.2165, 0.8366 -0.2165 0.2165, 0.8366 -0.2319 0.2239, 0.8366 -0.2343 0.2277, 0.8366 -0.2209 0.217, 0.8366 -0.2251 0.2185, 0.8366 -0.2603 0.1777, 0.8366 -0.2288 0.2208, 0.8366 -0.2644 0.1791, 0.8366 -0.2682 0.1815, 0.8366 -0.2751 0.1925, 0.8366 -0.2736 0.1883, 0.8366 -0.2713 0.1846, 0.8366 -0.2362 0.2953, 0.8366 -0.2362 0.2362, 0.8366 -0.2357 0.2318, -1.1319 -0.0 0.2165, -1.1319 -0.0 0.1772, -1.2303 -0.0 0.2165, -1.2303 -0.0 0.1772, -1.1319 -0.2559 0.1772, -1.1319 -0.2165 0.2165, -1.1319 -0.2319 0.2239, -1.1319 -0.2343 0.2277, -1.1319 -0.2756 0.1969, -1.1319 -0.2209 0.217, -1.1319 -0.2251 0.2185, -1.1319 -0.2603 0.1777, -1.1319 -0.2288 0.2208, -1.1319 -0.2644 0.1791, -1.1319 -0.2682 0.1815, -1.1319 -0.2751 0.1925, -1.1319 -0.2736 0.1883, -1.1319 -0.2713 0.1846, -1.1319 -0.2362 0.2953, -1.1319 -0.2756 0.2953, -1.1319 -0.2362 0.2362, -1.1319 -0.2357 0.2318, -1.2303 -0.2756 0.1969, -1.2303 -0.2756 0.2953, -1.2303 -0.2362 0.2953, -1.2303 -0.2362 0.2362, -1.2303 -0.2251 0.2185, -1.2303 -0.2559 0.1772, -1.2303 -0.2288 0.2208, -1.2303 -0.2603 0.1777, -1.2303 -0.2644 0.1791, -1.2303 -0.2165 0.2165, -1.2303 -0.2209 0.217, -1.2303 -0.2357 0.2318, -1.2303 -0.2343 0.2277, -1.2303 -0.2751 0.1925, -1.2303 -0.2319 0.2239, -1.2303 -0.2682 0.1815, -1.2303 -0.2713 0.1846, -1.2303 -0.2736 0.1883, 0.2362 -0.4231 0.9449, 0.3543 -0.4231 0.9449, 0.2362 -0.4231 0.937, 0.3543 -0.4231 0.937, 0.2362 -1.9979 0.9449, 0.2362 -1.9979 0.937, 0.3543 -1.9979 0.9449, 0.3543 -1.9979 0.937, 1.1516 0.4921 0.1772, 1.25 0.4921 0.1772, 1.1516 0.2362 0.1772, 1.25 0.2362 0.1772, 1.25 0.2165 0.1969, 1.25 0.2165 0.2953, 1.1516 0.2165 0.1969, 1.1516 0.2165 0.2953, 1.1516 0.2602 0.2239, 1.1516 0.217 0.1925, 1.1516 0.2579 0.2277, 1.1516 0.2564 0.2318, 1.1516 0.4921 0.2165, 1.1516 0.2756 0.2165, 1.1516 0.2712 0.217, 1.1516 0.267 0.2185, 1.1516 0.2559 0.2953, 1.1516 0.2559 0.2362, 1.1516 0.2277 0.1791, 1.1516 0.2239 0.1815, 1.1516 0.2633 0.2208, 1.1516 0.2208 0.1846, 1.1516 0.2185 0.1883, 1.1516 0.2318 0.1777, 1.25 0.4921 0.2165, 1.25 0.2602 0.2239, 1.25 0.2579 0.2277, 1.25 0.2756 0.2165, 1.25 0.217 0.1925, 1.25 0.2185 0.1883, 1.25 0.2633 0.2208, 1.25 0.2208 0.1846, 1.25 0.2239 0.1815, 1.25 0.2559 0.2953, 1.25 0.2559 0.2362, 1.25 0.2564 0.2318, 1.25 0.2712 0.217, 1.25 0.267 0.2185, 1.25 0.2318 0.1777, 1.25 0.2277 0.1791, 0.2461 0.2602 0.2239, 0.2461 0.217 0.1925, 0.2461 0.2579 0.2277, 0.2461 0.2165 0.1969, 0.2461 0.2564 0.2318, 0.2461 0.4921 0.2165, 0.2461 0.4921 0.1772, 0.2461 0.2756 0.2165, 0.2461 0.2362 0.1772, 0.2461 0.2712 0.217, 0.2461 0.267 0.2185, 0.2461 0.2165 0.2953, 0.2461 0.2559 0.2953, 0.2461 0.2559 0.2362, 0.2461 0.2277 0.1791, 0.2461 0.2239 0.1815, 0.2461 0.2633 0.2208, 0.2461 0.2208 0.1846, 0.2461 0.2185 0.1883, 0.2461 0.2318 0.1777, 0.3445 0.4921 0.2165, 0.3445 0.4921 0.1772, 0.3445 0.2602 0.2239, 0.3445 0.2579 0.2277, 0.3445 0.2165 0.1969, 0.3445 0.2362 0.1772, 0.3445 0.2756 0.2165, 0.3445 0.217 0.1925, 0.3445 0.2185 0.1883, 0.3445 0.2633 0.2208, 0.3445 0.2208 0.1846, 0.3445 0.2239 0.1815, 0.3445 0.2559 0.2953, 0.3445 0.2165 0.2953, 0.3445 0.2559 0.2362, 0.3445 0.2564 0.2318, 0.3445 0.2712 0.217, 0.3445 0.267 0.2185, 0.3445 0.2318 0.1777, 0.3445 0.2277 0.1791, -0.6299 -1.9979 0.9449, -0.748 -1.9979 0.9449, -0.6299 -1.9979 0.937, -0.748 -1.9979 0.937, -0.6299 -0.4231 0.9449, -0.6299 -0.4231 0.937, -0.748 -0.4231 0.9449, -0.748 -0.4231 0.937, -0.8366 -0.0 0.1772, -0.7382 -0.0 0.1772, -0.8366 -0.2559 0.1772, -0.7382 -0.2559 0.1772, -0.8366 -0.2756 0.2953, -0.8366 -0.2362 0.2953, -0.8366 -0.2756 0.1969, -0.8366 -0.2362 0.2362, -0.8366 -0.2251 0.2185, -0.8366 -0.2288 0.2208, -0.8366 -0.2603 0.1777, -0.8366 -0.2644 0.1791, -0.8366 -0.0 0.2165, -0.8366 -0.2165 0.2165, -0.8366 -0.2209 0.217, -0.8366 -0.2357 0.2318, -0.8366 -0.2343 0.2277, -0.8366 -0.2751 0.1925, -0.8366 -0.2319 0.2239, -0.8366 -0.2682 0.1815, -0.8366 -0.2713 0.1846, -0.8366 -0.2736 0.1883, -0.7382 -0.0 0.2165, -0.7382 -0.2165 0.2165, -0.7382 -0.2319 0.2239, -0.7382 -0.2343 0.2277, -0.7382 -0.2756 0.1969, -0.7382 -0.2209 0.217, -0.7382 -0.2251 0.2185, -0.7382 -0.2603 0.1777, -0.7382 -0.2288 0.2208, -0.7382 -0.2644 0.1791, -0.7382 -0.2682 0.1815, -0.7382 -0.2751 0.1925, -0.7382 -0.2736 0.1883, -0.7382 -0.2713 0.1846, -0.7382 -0.2362 0.2953, -0.7382 -0.2756 0.2953, -0.7382 -0.2362 0.2362, -0.7382 -0.2357 0.2318, -0.7382 -0.2357 0.2318
            ]
        }
        coordIndex [
            0,1,2,-1,2,1,3,-1,4,5,6,-1,6,5,7,-1,6,7,8,-1,9,0,10,-1,10,0,2,-1,10,2,11,-1,11,2,12,-1,13,14,7,-1,7,14,15,-1,7,15,8,-1,16,17,18,-1,18,17,19,-1,18,19,4,-1,4,19,20,-1,4,20,5,-1,12,2,18,-1,18,2,21,-1,18,21,16,-1,22,1,9,-1,9,1,0,-1,23,24,25,-1,1,22,3,-1,3,22,26,-1,25,27,23,-1,23,27,28,-1,23,28,29,-1,29,28,30,-1,29,30,31,-1,32,33,34,-1,34,33,25,-1,34,25,35,-1,35,25,24,-1,26,36,3,-1,3,36,37,-1,3,37,38,-1,38,37,29,-1,38,29,39,-1,39,29,31,-1,25,33,7,-1,7,33,13,-1,13,33,14,-1,14,33,32,-1,34,15,32,-1,32,15,14,-1,26,10,36,-1,36,10,11,-1,36,11,37,-1,37,11,12,-1,37,12,29,-1,29,12,18,-1,29,18,23,-1,23,18,4,-1,23,4,24,-1,24,4,6,-1,24,6,35,-1,35,6,8,-1,35,8,34,-1,34,8,15,-1,22,9,26,-1,26,9,10,-1,25,7,5,-1,25,5,27,-1,27,5,20,-1,27,20,28,-1,28,20,19,-1,28,19,30,-1,30,19,17,-1,30,17,31,-1,31,17,16,-1,31,16,39,-1,39,16,21,-1,39,21,38,-1,38,21,2,-1,38,2,3,-1,40,41,42,-1,42,41,43,-1,42,43,44,-1,45,46,47,-1,47,46,48,-1,47,48,49,-1,49,48,50,-1,51,52,43,-1,43,52,53,-1,43,53,44,-1,54,55,56,-1,56,55,57,-1,56,57,40,-1,40,57,58,-1,40,58,41,-1,50,48,56,-1,56,48,59,-1,56,59,54,-1,60,61,45,-1,45,61,46,-1,62,63,64,-1,61,60,65,-1,65,60,66,-1,64,67,62,-1,62,67,68,-1,62,68,69,-1,69,68,70,-1,69,70,71,-1,72,73,74,-1,74,73,64,-1,74,64,75,-1,75,64,63,-1,66,76,65,-1,65,76,77,-1,65,77,78,-1,78,77,69,-1,78,69,79,-1,79,69,71,-1,64,73,43,-1,43,73,51,-1,46,61,48,-1,48,61,65,-1,52,51,72,-1,72,51,73,-1,74,53,72,-1,72,53,52,-1,66,47,76,-1,76,47,49,-1,76,49,77,-1,77,49,50,-1,77,50,69,-1,69,50,56,-1,69,56,62,-1,62,56,40,-1,62,40,63,-1,63,40,42,-1,63,42,75,-1,75,42,44,-1,75,44,74,-1,74,44,53,-1,60,45,66,-1,66,45,47,-1,64,43,41,-1,64,41,67,-1,67,41,58,-1,67,58,68,-1,68,58,57,-1,68,57,70,-1,70,57,55,-1,70,55,71,-1,71,55,54,-1,71,54,79,-1,79,54,59,-1,79,59,78,-1,78,59,48,-1,78,48,65,-1,80,81,82,-1,82,81,83,-1,84,80,85,-1,85,80,82,-1,86,84,87,-1,87,84,85,-1,81,86,83,-1,83,86,87,-1,84,86,80,-1,80,86,81,-1,87,85,83,-1,83,85,82,-1,88,89,90,-1,90,89,91,-1,92,93,94,-1,94,93,95,-1,96,90,97,-1,97,90,98,-1,97,98,99,-1,100,88,101,-1,101,88,90,-1,101,90,102,-1,102,90,96,-1,95,103,94,-1,94,103,104,-1,94,104,105,-1,105,104,106,-1,99,107,97,-1,97,107,108,-1,97,108,106,-1,106,108,109,-1,106,109,105,-1,110,89,100,-1,100,89,88,-1,89,110,91,-1,91,110,111,-1,112,113,114,-1,111,115,91,-1,91,115,116,-1,91,116,117,-1,117,116,118,-1,117,118,119,-1,119,118,120,-1,114,121,112,-1,112,121,122,-1,112,122,118,-1,118,122,123,-1,118,123,120,-1,124,125,126,-1,126,125,114,-1,126,114,127,-1,127,114,113,-1,114,125,94,-1,94,125,92,-1,92,125,93,-1,93,125,124,-1,126,95,124,-1,124,95,93,-1,111,101,115,-1,115,101,102,-1,115,102,116,-1,116,102,96,-1,116,96,118,-1,118,96,97,-1,118,97,112,-1,112,97,106,-1,112,106,113,-1,113,106,104,-1,113,104,127,-1,127,104,103,-1,127,103,126,-1,126,103,95,-1,110,100,111,-1,111,100,101,-1,114,94,105,-1,114,105,121,-1,121,105,109,-1,121,109,122,-1,122,109,108,-1,122,108,123,-1,123,108,107,-1,123,107,120,-1,120,107,99,-1,120,99,119,-1,119,99,98,-1,119,98,117,-1,117,98,90,-1,117,90,91,-1,128,129,130,-1,130,129,131,-1,132,133,134,-1,134,133,135,-1,135,136,134,-1,134,136,137,-1,138,130,139,-1,139,130,140,-1,139,140,141,-1,142,128,143,-1,143,128,130,-1,143,130,144,-1,144,130,138,-1,137,145,134,-1,134,145,146,-1,134,146,147,-1,147,146,148,-1,141,149,139,-1,139,149,150,-1,139,150,148,-1,148,150,151,-1,148,151,147,-1,152,129,142,-1,142,129,128,-1,129,152,131,-1,131,152,153,-1,154,155,132,-1,153,156,131,-1,131,156,157,-1,131,157,158,-1,158,157,159,-1,158,159,160,-1,160,159,161,-1,132,162,154,-1,154,162,163,-1,154,163,159,-1,159,163,164,-1,159,164,161,-1,165,133,166,-1,166,133,132,-1,166,132,167,-1,167,132,155,-1,135,133,136,-1,136,133,165,-1,166,137,165,-1,165,137,136,-1,153,143,156,-1,156,143,144,-1,156,144,157,-1,157,144,138,-1,157,138,159,-1,159,138,139,-1,159,139,154,-1,154,139,148,-1,154,148,155,-1,155,148,146,-1,155,146,167,-1,167,146,145,-1,167,145,166,-1,166,145,137,-1,152,142,153,-1,153,142,143,-1,132,134,147,-1,132,147,162,-1,162,147,151,-1,162,151,163,-1,163,151,150,-1,163,150,164,-1,164,150,149,-1,164,149,161,-1,161,149,141,-1,161,141,160,-1,160,141,140,-1,160,140,158,-1,158,140,130,-1,158,130,131,-1,168,169,170,-1,170,169,171,-1,172,168,173,-1,173,168,170,-1,174,172,175,-1,175,172,173,-1,169,174,171,-1,171,174,175,-1,172,174,168,-1,168,174,169,-1,175,173,171,-1,171,173,170,-1,176,177,178,-1,178,177,179,-1,180,181,182,-1,182,181,183,-1,182,183,184,-1,185,176,186,-1,186,176,178,-1,186,178,187,-1,187,178,188,-1,189,190,183,-1,183,190,191,-1,183,191,184,-1,192,193,194,-1,194,193,195,-1,194,195,180,-1,180,195,196,-1,180,196,181,-1,188,178,194,-1,194,178,197,-1,194,197,192,-1,198,177,185,-1,185,177,176,-1,199,200,201,-1,177,198,179,-1,179,198,202,-1,201,203,199,-1,199,203,204,-1,199,204,205,-1,205,204,206,-1,205,206,207,-1,208,209,210,-1,210,209,201,-1,210,201,211,-1,211,201,200,-1,202,212,179,-1,179,212,213,-1,179,213,214,-1,214,213,205,-1,214,205,215,-1,215,205,207,-1,201,209,183,-1,183,209,189,-1,189,209,190,-1,190,209,208,-1,210,191,208,-1,208,191,190,-1,202,186,212,-1,212,186,187,-1,212,187,213,-1,213,187,188,-1,213,188,205,-1,205,188,194,-1,205,194,199,-1,199,194,180,-1,199,180,200,-1,200,180,182,-1,200,182,211,-1,211,182,184,-1,211,184,210,-1,210,184,191,-1,198,185,202,-1,202,185,186,-1,201,183,181,-1,201,181,203,-1,203,181,196,-1,203,196,204,-1,204,196,195,-1,204,195,206,-1,206,195,193,-1,206,193,207,-1,207,193,192,-1,207,192,215,-1,215,192,197,-1,215,197,214,-1,214,197,178,-1,214,178,179,-1,216,217,218,-1,218,217,219,-1,220,221,222,-1,222,221,223,-1,223,224,222,-1,222,224,225,-1,226,218,227,-1,227,218,228,-1,227,228,229,-1,230,216,231,-1,231,216,218,-1,231,218,232,-1,232,218,226,-1,225,233,222,-1,222,233,234,-1,222,234,235,-1,235,234,236,-1,229,237,227,-1,227,237,238,-1,227,238,236,-1,236,238,239,-1,236,239,235,-1,240,217,230,-1,230,217,216,-1,217,240,219,-1,219,240,241,-1,242,243,220,-1,241,244,219,-1,219,244,245,-1,219,245,246,-1,246,245,247,-1,246,247,248,-1,248,247,249,-1,220,250,242,-1,242,250,251,-1,242,251,247,-1,247,251,252,-1,247,252,249,-1,253,221,254,-1,254,221,220,-1,254,220,255,-1,255,220,243,-1,223,221,224,-1,224,221,253,-1,254,225,253,-1,253,225,224,-1,241,231,244,-1,244,231,232,-1,244,232,245,-1,245,232,226,-1,245,226,247,-1,247,226,227,-1,247,227,242,-1,242,227,236,-1,242,236,243,-1,243,236,234,-1,243,234,255,-1,255,234,233,-1,255,233,254,-1,254,233,225,-1,240,230,241,-1,241,230,231,-1,220,222,235,-1,220,235,250,-1,250,235,239,-1,250,239,251,-1,251,239,238,-1,251,238,252,-1,252,238,237,-1,252,237,249,-1,249,237,229,-1,249,229,248,-1,248,229,228,-1,248,228,246,-1,246,228,218,-1,246,218,219,-1,256,257,258,-1,258,257,259,-1,257,256,260,-1,260,256,261,-1,262,263,264,-1,261,265,260,-1,260,265,266,-1,260,266,267,-1,267,266,268,-1,267,268,269,-1,269,268,270,-1,264,271,262,-1,262,271,272,-1,262,272,268,-1,268,272,273,-1,268,273,270,-1,274,275,276,-1,276,275,264,-1,276,264,277,-1,277,264,263,-1,264,275,278,-1,278,275,279,-1,279,280,278,-1,278,280,281,-1,282,283,284,-1,284,283,285,-1,284,285,286,-1,258,259,287,-1,287,259,283,-1,287,283,288,-1,288,283,282,-1,281,289,278,-1,278,289,290,-1,278,290,291,-1,291,290,292,-1,286,293,284,-1,284,293,294,-1,284,294,292,-1,292,294,295,-1,292,295,291,-1,259,257,283,-1,283,257,260,-1,280,279,274,-1,274,279,275,-1,280,274,281,-1,281,274,276,-1,261,287,265,-1,265,287,288,-1,265,288,266,-1,266,288,282,-1,266,282,268,-1,268,282,284,-1,268,284,262,-1,262,284,292,-1,262,292,263,-1,263,292,290,-1,263,290,277,-1,277,290,289,-1,277,289,276,-1,276,289,281,-1,287,261,258,-1,258,261,256,-1,264,278,291,-1,264,291,271,-1,271,291,295,-1,271,295,272,-1,272,295,294,-1,272,294,273,-1,273,294,293,-1,273,293,270,-1,270,293,286,-1,270,286,269,-1,269,286,285,-1,269,285,267,-1,267,285,283,-1,267,283,260,-1,296,297,298,-1,298,297,299,-1,300,296,301,-1,301,296,298,-1,302,300,303,-1,303,300,301,-1,297,302,299,-1,299,302,303,-1,300,302,296,-1,296,302,297,-1,303,301,299,-1,299,301,298,-1,304,305,306,-1,306,305,307,-1,308,309,310,-1,310,309,311,-1,312,313,314,-1,314,313,310,-1,314,310,315,-1,316,304,317,-1,317,304,306,-1,317,306,318,-1,318,306,319,-1,311,320,310,-1,310,320,321,-1,310,321,315,-1,322,323,324,-1,324,323,325,-1,324,325,312,-1,312,325,326,-1,312,326,313,-1,319,306,324,-1,324,306,327,-1,324,327,322,-1,328,305,316,-1,316,305,304,-1,329,330,308,-1,305,328,307,-1,307,328,331,-1,308,332,329,-1,329,332,333,-1,329,333,334,-1,334,333,335,-1,334,335,336,-1,337,309,338,-1,338,309,308,-1,338,308,339,-1,339,308,330,-1,331,340,307,-1,307,340,341,-1,307,341,342,-1,342,341,334,-1,342,334,343,-1,343,334,336,-1,311,309,320,-1,320,309,337,-1,338,321,337,-1,337,321,320,-1,331,317,340,-1,340,317,318,-1,340,318,341,-1,341,318,319,-1,341,319,334,-1,334,319,324,-1,334,324,329,-1,329,324,312,-1,329,312,330,-1,330,312,314,-1,330,314,339,-1,339,314,315,-1,339,315,338,-1,338,315,321,-1,328,316,331,-1,331,316,317,-1,308,310,313,-1,308,313,332,-1,332,313,326,-1,332,326,333,-1,333,326,325,-1,333,325,335,-1,335,325,323,-1,335,323,336,-1,336,323,322,-1,336,322,343,-1,343,322,327,-1,343,327,342,-1,342,327,306,-1,342,306,307,-1,344,345,346,-1,346,345,347,-1,346,347,348,-1,349,350,351,-1,351,350,352,-1,351,352,353,-1,353,352,354,-1,355,356,347,-1,347,356,357,-1,347,357,348,-1,358,359,360,-1,360,359,361,-1,360,361,344,-1,344,361,362,-1,344,362,345,-1,354,352,360,-1,360,352,363,-1,360,363,358,-1,364,365,349,-1,349,365,350,-1,366,367,368,-1,365,364,369,-1,369,364,370,-1,368,371,366,-1,366,371,372,-1,366,372,373,-1,373,372,374,-1,373,374,375,-1,376,377,378,-1,378,377,368,-1,378,368,379,-1,379,368,367,-1,370,380,369,-1,369,380,381,-1,369,381,382,-1,382,381,373,-1,382,373,383,-1,383,373,375,-1,368,377,347,-1,347,377,355,-1,350,365,352,-1,352,365,369,-1,356,355,376,-1,376,355,377,-1,378,357,376,-1,376,357,356,-1,370,351,380,-1,380,351,353,-1,380,353,381,-1,381,353,354,-1,381,354,373,-1,373,354,360,-1,373,360,366,-1,366,360,344,-1,366,344,367,-1,367,344,346,-1,367,346,379,-1,379,346,348,-1,379,348,378,-1,378,348,357,-1,364,349,370,-1,370,349,351,-1,368,347,345,-1,368,345,371,-1,371,345,362,-1,371,362,372,-1,372,362,361,-1,372,361,374,-1,374,361,359,-1,374,359,375,-1,375,359,358,-1,375,358,383,-1,383,358,363,-1,383,363,382,-1,382,363,352,-1,382,352,369,-1,384,385,386,-1,386,385,387,-1,388,384,389,-1,389,384,386,-1,390,388,391,-1,391,388,389,-1,385,390,387,-1,387,390,391,-1,388,390,384,-1,384,390,385,-1,391,389,387,-1,387,389,386,-1,392,393,394,-1,394,393,395,-1,396,397,398,-1,398,397,399,-1,400,394,401,-1,401,394,402,-1,401,402,403,-1,404,392,405,-1,405,392,394,-1,405,394,406,-1,406,394,400,-1,399,407,398,-1,398,407,408,-1,398,408,409,-1,409,408,410,-1,403,411,401,-1,401,411,412,-1,401,412,410,-1,410,412,413,-1,410,413,409,-1,414,393,404,-1,404,393,392,-1,393,414,395,-1,395,414,415,-1,416,417,418,-1,415,419,395,-1,395,419,420,-1,395,420,421,-1,421,420,422,-1,421,422,423,-1,423,422,424,-1,418,425,416,-1,416,425,426,-1,416,426,422,-1,422,426,427,-1,422,427,424,-1,428,429,430,-1,430,429,418,-1,430,418,431,-1,431,418,417,-1,418,429,398,-1,398,429,396,-1,396,429,397,-1,397,429,428,-1,430,399,428,-1,428,399,397,-1,415,405,419,-1,419,405,406,-1,419,406,420,-1,420,406,400,-1,420,400,422,-1,422,400,401,-1,422,401,416,-1,416,401,410,-1,416,410,417,-1,417,410,408,-1,417,408,431,-1,431,408,407,-1,431,407,430,-1,430,407,399,-1,414,404,415,-1,415,404,405,-1,418,398,409,-1,418,409,425,-1,425,409,413,-1,425,413,426,-1,426,413,412,-1,426,412,427,-1,427,412,411,-1,427,411,424,-1,424,411,403,-1,424,403,423,-1,423,403,402,-1,423,402,421,-1,421,402,394,-1,421,394,395,-1,
        ]
    }
}
Shape{
    appearance Appearance {
        material  Material 	{
            diffuseColor 0.10196078431372549 0.10196078431372549 0.10196078431372549
            specularColor 0.03137254901960784 0.03137254901960784 0.03137254901960784
            ambientIntensity 0.2
            transparency 0
            shininess 0.5
        }
    }
    geometry IndexedFaceSet {
        ccw TRUE
        solid FALSE
        coord DEF co Coordinate {
            point [
                0.0 -1.7618 0.0591, 0.0 -1.7372 0.0591, 1.248 -1.7618 0.0591, 1.248 -1.7372 0.0591, -1.248 -1.7618 0.0591, -1.248 -1.7372 0.0591, -1.248 -1.7274 0.0396, 0.0 -1.7274 0.0396, -1.248 -1.7132 0.0231, 0.0 -1.7132 0.0231, -1.248 -1.6955 0.0105, 0.0 -1.6955 0.0105, -1.248 -1.6751 0.0027, 0.0 -1.6751 0.0027, -1.248 -1.6535 -0.0, 0.0 -1.6535 -0.0, -1.248 -1.6319 0.0027, 0.0 -1.6319 0.0027, -1.248 -1.6116 0.0105, 0.0 -1.6116 0.0105, -1.248 -1.5939 0.0231, 0.0 -1.5939 0.0231, -1.248 -1.5797 0.0396, 0.0 -1.5797 0.0396, -1.248 -1.5699 0.0591, 0.0 -1.5699 0.0591, 0.0 -1.5453 0.0591, -1.248 -1.5453 0.0591, 0.0 -1.5453 0.1772, -1.248 -1.5453 0.1772, 0.0 -1.7618 0.1772, -1.248 -1.7618 0.1772, -1.878 -1.7618 0.689, -1.878 -1.7372 0.689, -1.8684 -1.7618 0.5796, -1.8734 -1.7372 0.613, -1.8673 -1.7372 0.5798, -1.8596 -1.7372 0.5382, -1.84 -1.7618 0.4735, -1.8395 -1.7372 0.4737, -1.837 -1.7372 0.4656, -1.7936 -1.7618 0.374, -1.8058 -1.7372 0.3962, -1.7927 -1.7372 0.3745, -1.7664 -1.7372 0.3311, -1.7306 -1.7618 0.2841, -1.73 -1.7372 0.2846, -1.7195 -1.7372 0.2713, -1.6529 -1.7618 0.2064, -1.6657 -1.7372 0.2175, -1.6524 -1.7372 0.2071, -1.563 -1.7618 0.1434, -1.6059 -1.7372 0.1706, -1.5625 -1.7372 0.1443, -1.5408 -1.7372 0.1312, -1.4635 -1.7618 0.097, -1.4714 -1.7372 0.1, -1.4633 -1.7372 0.0975, -1.3574 -1.7618 0.0686, -1.3988 -1.7372 0.0774, -1.324 -1.7372 0.0636, -1.3572 -1.7372 0.0697, -1.4034 -1.7274 0.0585, -1.4783 -1.7274 0.0818, -1.6169 -1.7274 0.1545, -1.7825 -1.7274 0.3201, -1.8786 -1.7274 0.5336, -1.3572 -1.5699 0.0697, -1.324 -1.5699 0.0636, -1.3263 -1.5797 0.0443, -1.5625 -1.5699 0.1443, -1.5408 -1.5699 0.1312, -1.5498 -1.5797 0.114, -1.73 -1.5699 0.2846, -1.7195 -1.5699 0.2713, -1.7341 -1.5797 0.2584, -1.8395 -1.5699 0.4737, -1.837 -1.5699 0.4656, -1.8552 -1.5797 0.4587, -1.8673 -1.5699 0.5798, -1.8596 -1.5699 0.5382, -1.8786 -1.5797 0.5336, -1.7664 -1.5699 0.3311, -1.6059 -1.5699 0.1706, -1.3988 -1.5699 0.0774, -1.8734 -1.5699 0.613, -1.8927 -1.5797 0.6107, -1.9091 -1.5939 0.6087, -1.8946 -1.5939 0.5296, -1.9215 -1.6116 0.6072, -1.9068 -1.6116 0.5266, -1.9293 -1.6319 0.6063, -1.9144 -1.6319 0.5247, -1.932 -1.6535 0.6059, -1.917 -1.6535 0.5241, -1.9293 -1.6751 0.6063, -1.9144 -1.6751 0.5247, -1.9215 -1.6955 0.6072, -1.9068 -1.6955 0.5266, -1.9091 -1.7132 0.6087, -1.8946 -1.7132 0.5296, -1.8927 -1.7274 0.6107, -1.8058 -1.5699 0.3962, -1.7927 -1.5699 0.3745, -1.823 -1.5797 0.3872, -1.7825 -1.5797 0.3201, -1.8377 -1.5939 0.3795, -1.7961 -1.5939 0.3107, -1.8488 -1.6116 0.3737, -1.8064 -1.6116 0.3036, -1.8557 -1.6319 0.37, -1.8129 -1.6319 0.2991, -1.8581 -1.6535 0.3688, -1.815 -1.6535 0.2976, -1.8557 -1.6751 0.37, -1.8129 -1.6751 0.2991, -1.8488 -1.6955 0.3737, -1.8064 -1.6955 0.3036, -1.8377 -1.7132 0.3795, -1.7961 -1.7132 0.3107, -1.823 -1.7274 0.3872, -1.6657 -1.5699 0.2175, -1.6524 -1.5699 0.2071, -1.6787 -1.5797 0.2029, -1.6169 -1.5797 0.1545, -1.6896 -1.5939 0.1905, -1.6263 -1.5939 0.141, -1.6979 -1.6116 0.1811, -1.6334 -1.6116 0.1306, -1.7031 -1.6319 0.1753, -1.6379 -1.6319 0.1242, -1.7049 -1.6535 0.1733, -1.6394 -1.6535 0.122, -1.7031 -1.6751 0.1753, -1.6379 -1.6751 0.1242, -1.6979 -1.6955 0.1811, -1.6334 -1.6955 0.1306, -1.6896 -1.7132 0.1905, -1.6263 -1.7132 0.141, -1.6787 -1.7274 0.2029, -1.878 -1.5699 0.689, -1.8974 -1.5797 0.689, -1.9139 -1.5939 0.689, -1.9265 -1.6116 0.689, -1.9343 -1.6319 0.689, -1.937 -1.6535 0.689, -1.9343 -1.6751 0.689, -1.9265 -1.6955 0.689, -1.9139 -1.7132 0.689, -1.8974 -1.7274 0.689, -1.8552 -1.7274 0.4587, -1.8707 -1.7132 0.4528, -1.8824 -1.6955 0.4484, -1.8897 -1.6751 0.4456, -1.8922 -1.6535 0.4447, -1.8897 -1.6319 0.4456, -1.8824 -1.6116 0.4484, -1.8707 -1.5939 0.4528, -1.7341 -1.7274 0.2584, -1.7465 -1.7132 0.2474, -1.7559 -1.6955 0.2391, -1.7617 -1.6751 0.2339, -1.7637 -1.6535 0.2321, -1.7617 -1.6319 0.2339, -1.7559 -1.6116 0.2391, -1.7465 -1.5939 0.2474, -1.5498 -1.7274 0.114, -1.5575 -1.7132 0.0994, -1.5633 -1.6955 0.0882, -1.567 -1.6751 0.0813, -1.5682 -1.6535 0.0789, -1.567 -1.6319 0.0813, -1.5633 -1.6116 0.0882, -1.5575 -1.5939 0.0994, -1.4714 -1.5699 0.1, -1.4783 -1.5797 0.0818, -1.4842 -1.5939 0.0664, -1.4886 -1.6116 0.0546, -1.4914 -1.6319 0.0473, -1.4923 -1.6535 0.0448, -1.4914 -1.6751 0.0473, -1.4886 -1.6955 0.0546, -1.4842 -1.7132 0.0664, -1.4074 -1.7132 0.0424, -1.4104 -1.6955 0.0302, -1.4123 -1.6751 0.0226, -1.4129 -1.6535 0.02, -1.4123 -1.6319 0.0226, -1.4104 -1.6116 0.0302, -1.4074 -1.5939 0.0424, -1.4034 -1.5797 0.0585, -1.4633 -1.5699 0.0975, -1.3263 -1.7274 0.0443, -1.3283 -1.7132 0.0279, -1.3298 -1.6955 0.0155, -1.3308 -1.6751 0.0077, -1.3311 -1.6535 0.005, -1.3308 -1.6319 0.0077, -1.3298 -1.6116 0.0155, -1.3283 -1.5939 0.0279, -1.878 -1.5453 0.689, -1.8684 -1.5453 0.5796, -1.7936 -1.5453 0.374, -1.84 -1.5453 0.4735, -1.6529 -1.5453 0.2064, -1.7306 -1.5453 0.2841, -1.563 -1.5453 0.1434, -1.4635 -1.5453 0.097, -1.3574 -1.5453 0.0686, -1.7598 -1.5453 0.689, -1.75 -1.5453 0.5891, -1.7209 -1.5453 0.4931, -1.6736 -1.5453 0.4046, -1.6099 -1.5453 0.3271, -1.3479 -1.5453 0.187, -1.4439 -1.5453 0.2161, -1.5324 -1.5453 0.2634, -1.3479 -1.7618 0.187, -1.4439 -1.7618 0.2161, -1.5324 -1.7618 0.2634, -1.6099 -1.7618 0.3271, -1.6736 -1.7618 0.4046, -1.7209 -1.7618 0.4931, -1.75 -1.7618 0.5891, -1.7598 -1.7618 0.689, -1.878 -1.7618 0.9094, -1.878 -1.7372 0.9094, -1.8974 -1.7274 0.9094, -1.9139 -1.7132 0.9094, -1.9265 -1.6955 0.9094, -1.9343 -1.6751 0.9094, -1.937 -1.6535 0.9094, -1.9343 -1.6319 0.9094, -1.9265 -1.6116 0.9094, -1.9139 -1.5939 0.9094, -1.8974 -1.5797 0.9094, -1.878 -1.5699 0.9094, -1.878 -1.5453 0.9094, -1.7598 -1.5453 0.9094, -1.7598 -1.7618 0.9094, -1.248 -1.7618 1.5394, -1.248 -1.7372 1.5394, -1.3574 -1.7618 1.5298, -1.324 -1.7372 1.5348, -1.3572 -1.7372 1.5287, -1.3988 -1.7372 1.5211, -1.4635 -1.7618 1.5014, -1.4633 -1.7372 1.5009, -1.4714 -1.7372 1.4984, -1.563 -1.7618 1.455, -1.5408 -1.7372 1.4672, -1.5625 -1.7372 1.4541, -1.6059 -1.7372 1.4279, -1.6529 -1.7618 1.392, -1.6524 -1.7372 1.3914, -1.6657 -1.7372 1.381, -1.7306 -1.7618 1.3144, -1.7195 -1.7372 1.3272, -1.73 -1.7372 1.3139, -1.7936 -1.7618 1.2244, -1.7664 -1.7372 1.2673, -1.7927 -1.7372 1.2239, -1.8058 -1.7372 1.2022, -1.84 -1.7618 1.1249, -1.837 -1.7372 1.1328, -1.8395 -1.7372 1.1248, -1.8684 -1.7618 1.0188, -1.8596 -1.7372 1.0602, -1.8734 -1.7372 0.9854, -1.8673 -1.7372 1.0186, -1.8786 -1.7274 1.0649, -1.8552 -1.7274 1.1397, -1.7825 -1.7274 1.2783, -1.6169 -1.7274 1.4439, -1.4034 -1.7274 1.54, -1.8673 -1.5699 1.0186, -1.8734 -1.5699 0.9854, -1.8927 -1.5797 0.9877, -1.7927 -1.5699 1.2239, -1.8058 -1.5699 1.2022, -1.823 -1.5797 1.2112, -1.6524 -1.5699 1.3914, -1.6657 -1.5699 1.381, -1.6787 -1.5797 1.3955, -1.4633 -1.5699 1.5009, -1.4714 -1.5699 1.4984, -1.4783 -1.5797 1.5166, -1.3572 -1.5699 1.5287, -1.3988 -1.5699 1.5211, -1.4034 -1.5797 1.54, -1.6059 -1.5699 1.4279, -1.7664 -1.5699 1.2673, -1.8596 -1.5699 1.0602, -1.324 -1.5699 1.5348, -1.3263 -1.5797 1.5541, -1.3283 -1.5939 1.5705, -1.4074 -1.5939 1.556, -1.3298 -1.6116 1.583, -1.4104 -1.6116 1.5682, -1.3308 -1.6319 1.5908, -1.4123 -1.6319 1.5758, -1.3311 -1.6535 1.5934, -1.4129 -1.6535 1.5784, -1.3308 -1.6751 1.5908, -1.4123 -1.6751 1.5758, -1.3298 -1.6955 1.583, -1.4104 -1.6955 1.5682, -1.3283 -1.7132 1.5705, -1.4074 -1.7132 1.556, -1.3263 -1.7274 1.5541, -1.5408 -1.5699 1.4672, -1.5625 -1.5699 1.4541, -1.5498 -1.5797 1.4845, -1.6169 -1.5797 1.4439, -1.5575 -1.5939 1.4991, -1.6263 -1.5939 1.4575, -1.5633 -1.6116 1.5102, -1.6334 -1.6116 1.4678, -1.567 -1.6319 1.5171, -1.6379 -1.6319 1.4743, -1.5682 -1.6535 1.5195, -1.6394 -1.6535 1.4765, -1.567 -1.6751 1.5171, -1.6379 -1.6751 1.4743, -1.5633 -1.6955 1.5102, -1.6334 -1.6955 1.4678, -1.5575 -1.7132 1.4991, -1.6263 -1.7132 1.4575, -1.5498 -1.7274 1.4845, -1.7195 -1.5699 1.3272, -1.73 -1.5699 1.3139, -1.7341 -1.5797 1.3401, -1.7825 -1.5797 1.2783, -1.7465 -1.5939 1.351, -1.7961 -1.5939 1.2877, -1.7559 -1.6116 1.3593, -1.8064 -1.6116 1.2949, -1.7617 -1.6319 1.3646, -1.8129 -1.6319 1.2993, -1.7637 -1.6535 1.3663, -1.815 -1.6535 1.3008, -1.7617 -1.6751 1.3646, -1.8129 -1.6751 1.2993, -1.7559 -1.6955 1.3593, -1.8064 -1.6955 1.2949, -1.7465 -1.7132 1.351, -1.7961 -1.7132 1.2877, -1.7341 -1.7274 1.3401, -1.248 -1.5699 1.5394, -1.248 -1.5797 1.5588, -1.248 -1.5939 1.5753, -1.248 -1.6116 1.5879, -1.248 -1.6319 1.5958, -1.248 -1.6535 1.5984, -1.248 -1.6751 1.5958, -1.248 -1.6955 1.5879, -1.248 -1.7132 1.5753, -1.248 -1.7274 1.5588, -1.4783 -1.7274 1.5166, -1.4842 -1.7132 1.5321, -1.4886 -1.6955 1.5438, -1.4914 -1.6751 1.5512, -1.4923 -1.6535 1.5537, -1.4914 -1.6319 1.5512, -1.4886 -1.6116 1.5438, -1.4842 -1.5939 1.5321, -1.6787 -1.7274 1.3955, -1.6896 -1.7132 1.4079, -1.6979 -1.6955 1.4173, -1.7031 -1.6751 1.4232, -1.7049 -1.6535 1.4252, -1.7031 -1.6319 1.4232, -1.6979 -1.6116 1.4173, -1.6896 -1.5939 1.4079, -1.823 -1.7274 1.2112, -1.8377 -1.7132 1.2189, -1.8488 -1.6955 1.2247, -1.8557 -1.6751 1.2284, -1.8581 -1.6535 1.2296, -1.8557 -1.6319 1.2284, -1.8488 -1.6116 1.2247, -1.8377 -1.5939 1.2189, -1.837 -1.5699 1.1328, -1.8552 -1.5797 1.1397, -1.8707 -1.5939 1.1456, -1.8824 -1.6116 1.15, -1.8897 -1.6319 1.1528, -1.8922 -1.6535 1.1538, -1.8897 -1.6751 1.1528, -1.8824 -1.6955 1.15, -1.8707 -1.7132 1.1456, -1.8946 -1.7132 1.0688, -1.9068 -1.6955 1.0718, -1.9144 -1.6751 1.0737, -1.917 -1.6535 1.0743, -1.9144 -1.6319 1.0737, -1.9068 -1.6116 1.0718, -1.8946 -1.5939 1.0688, -1.8786 -1.5797 1.0649, -1.8395 -1.5699 1.1248, -1.8927 -1.7274 0.9877, -1.9091 -1.7132 0.9897, -1.9215 -1.6955 0.9912, -1.9293 -1.6751 0.9922, -1.932 -1.6535 0.9925, -1.9293 -1.6319 0.9922, -1.9215 -1.6116 0.9912, -1.9091 -1.5939 0.9897, -1.248 -1.5453 1.5394, -1.3574 -1.5453 1.5298, -1.563 -1.5453 1.455, -1.4635 -1.5453 1.5014, -1.7306 -1.5453 1.3144, -1.6529 -1.5453 1.392, -1.7936 -1.5453 1.2244, -1.84 -1.5453 1.1249, -1.8684 -1.5453 1.0188, -1.248 -1.5453 1.4213, -1.3479 -1.5453 1.4114, -1.4439 -1.5453 1.3823, -1.5324 -1.5453 1.335, -1.6099 -1.5453 1.2714, -1.75 -1.5453 1.0093, -1.7209 -1.5453 1.1053, -1.6736 -1.5453 1.1938, -1.75 -1.7618 1.0093, -1.7209 -1.7618 1.1053, -1.6736 -1.7618 1.1938, -1.6099 -1.7618 1.2714, -1.5324 -1.7618 1.335, -1.4439 -1.7618 1.3823, -1.3479 -1.7618 1.4114, -1.248 -1.7618 1.4213, 1.248 -1.7618 1.5394, 1.248 -1.7372 1.5394, 1.248 -1.7274 1.5588, 1.248 -1.7132 1.5753, 1.248 -1.6955 1.5879, 1.248 -1.6751 1.5958, 1.248 -1.6535 1.5984, 1.248 -1.6319 1.5958, 1.248 -1.6116 1.5879, 1.248 -1.5939 1.5753, 1.248 -1.5797 1.5588, 1.248 -1.5699 1.5394, 1.248 -1.5453 1.5394, 1.248 -1.5453 1.4213, 1.248 -1.7618 1.4213, 1.878 -1.7618 0.9094, 1.878 -1.7372 0.9094, 1.8684 -1.7618 1.0188, 1.8734 -1.7372 0.9854, 1.8673 -1.7372 1.0186, 1.8596 -1.7372 1.0602, 1.84 -1.7618 1.1249, 1.8395 -1.7372 1.1248, 1.837 -1.7372 1.1328, 1.7936 -1.7618 1.2244, 1.8058 -1.7372 1.2022, 1.7927 -1.7372 1.2239, 1.7664 -1.7372 1.2673, 1.7306 -1.7618 1.3144, 1.73 -1.7372 1.3139, 1.7195 -1.7372 1.3272, 1.6529 -1.7618 1.392, 1.6657 -1.7372 1.381, 1.6524 -1.7372 1.3914, 1.563 -1.7618 1.455, 1.6059 -1.7372 1.4279, 1.5625 -1.7372 1.4541, 1.5408 -1.7372 1.4672, 1.4635 -1.7618 1.5014, 1.4714 -1.7372 1.4984, 1.4633 -1.7372 1.5009, 1.3574 -1.7618 1.5298, 1.3988 -1.7372 1.5211, 1.324 -1.7372 1.5348, 1.3572 -1.7372 1.5287, 1.4034 -1.7274 1.54, 1.4783 -1.7274 1.5166, 1.6169 -1.7274 1.4439, 1.7825 -1.7274 1.2783, 1.8786 -1.7274 1.0649, 1.3572 -1.5699 1.5287, 1.324 -1.5699 1.5348, 1.3263 -1.5797 1.5541, 1.5625 -1.5699 1.4541, 1.5408 -1.5699 1.4672, 1.5498 -1.5797 1.4845, 1.73 -1.5699 1.3139, 1.7195 -1.5699 1.3272, 1.7341 -1.5797 1.3401, 1.8395 -1.5699 1.1248, 1.837 -1.5699 1.1328, 1.8552 -1.5797 1.1397, 1.8673 -1.5699 1.0186, 1.8596 -1.5699 1.0602, 1.8786 -1.5797 1.0649, 1.7664 -1.5699 1.2673, 1.6059 -1.5699 1.4279, 1.3988 -1.5699 1.5211, 1.8734 -1.5699 0.9854, 1.8927 -1.5797 0.9877, 1.9091 -1.5939 0.9897, 1.8946 -1.5939 1.0688, 1.9215 -1.6116 0.9912, 1.9068 -1.6116 1.0718, 1.9293 -1.6319 0.9922, 1.9144 -1.6319 1.0737, 1.932 -1.6535 0.9925, 1.917 -1.6535 1.0743, 1.9293 -1.6751 0.9922, 1.9144 -1.6751 1.0737, 1.9215 -1.6955 0.9912, 1.9068 -1.6955 1.0718, 1.9091 -1.7132 0.9897, 1.8946 -1.7132 1.0688, 1.8927 -1.7274 0.9877, 1.8058 -1.5699 1.2022, 1.7927 -1.5699 1.2239, 1.823 -1.5797 1.2112, 1.7825 -1.5797 1.2783, 1.8377 -1.5939 1.2189, 1.7961 -1.5939 1.2877, 1.8488 -1.6116 1.2247, 1.8064 -1.6116 1.2949, 1.8557 -1.6319 1.2284, 1.8129 -1.6319 1.2993, 1.8581 -1.6535 1.2296, 1.815 -1.6535 1.3008, 1.8557 -1.6751 1.2284, 1.8129 -1.6751 1.2993, 1.8488 -1.6955 1.2247, 1.8064 -1.6955 1.2949, 1.8377 -1.7132 1.2189, 1.7961 -1.7132 1.2877, 1.823 -1.7274 1.2112, 1.6657 -1.5699 1.381, 1.6524 -1.5699 1.3914, 1.6787 -1.5797 1.3955, 1.6169 -1.5797 1.4439, 1.6896 -1.5939 1.4079, 1.6263 -1.5939 1.4575, 1.6979 -1.6116 1.4173, 1.6334 -1.6116 1.4678, 1.7031 -1.6319 1.4232, 1.6379 -1.6319 1.4743, 1.7049 -1.6535 1.4252, 1.6394 -1.6535 1.4765, 1.7031 -1.6751 1.4232, 1.6379 -1.6751 1.4743, 1.6979 -1.6955 1.4173, 1.6334 -1.6955 1.4678, 1.6896 -1.7132 1.4079, 1.6263 -1.7132 1.4575, 1.6787 -1.7274 1.3955, 1.878 -1.5699 0.9094, 1.8974 -1.5797 0.9094, 1.9139 -1.5939 0.9094, 1.9265 -1.6116 0.9094, 1.9343 -1.6319 0.9094, 1.937 -1.6535 0.9094, 1.9343 -1.6751 0.9094, 1.9265 -1.6955 0.9094, 1.9139 -1.7132 0.9094, 1.8974 -1.7274 0.9094, 1.8552 -1.7274 1.1397, 1.8707 -1.7132 1.1456, 1.8824 -1.6955 1.15, 1.8897 -1.6751 1.1528, 1.8922 -1.6535 1.1538, 1.8897 -1.6319 1.1528, 1.8824 -1.6116 1.15, 1.8707 -1.5939 1.1456, 1.7341 -1.7274 1.3401, 1.7465 -1.7132 1.351, 1.7559 -1.6955 1.3593, 1.7617 -1.6751 1.3646, 1.7637 -1.6535 1.3663, 1.7617 -1.6319 1.3646, 1.7559 -1.6116 1.3593, 1.7465 -1.5939 1.351, 1.5498 -1.7274 1.4845, 1.5575 -1.7132 1.4991, 1.5633 -1.6955 1.5102, 1.567 -1.6751 1.5171, 1.5682 -1.6535 1.5195, 1.567 -1.6319 1.5171, 1.5633 -1.6116 1.5102, 1.5575 -1.5939 1.4991, 1.4714 -1.5699 1.4984, 1.4783 -1.5797 1.5166, 1.4842 -1.5939 1.5321, 1.4886 -1.6116 1.5438, 1.4914 -1.6319 1.5512, 1.4923 -1.6535 1.5537, 1.4914 -1.6751 1.5512, 1.4886 -1.6955 1.5438, 1.4842 -1.7132 1.5321, 1.4074 -1.7132 1.556, 1.4104 -1.6955 1.5682, 1.4123 -1.6751 1.5758, 1.4129 -1.6535 1.5784, 1.4123 -1.6319 1.5758, 1.4104 -1.6116 1.5682, 1.4074 -1.5939 1.556, 1.4034 -1.5797 1.54, 1.4633 -1.5699 1.5009, 1.3263 -1.7274 1.5541, 1.3283 -1.7132 1.5705, 1.3298 -1.6955 1.583, 1.3308 -1.6751 1.5908, 1.3311 -1.6535 1.5934, 1.3308 -1.6319 1.5908, 1.3298 -1.6116 1.583, 1.3283 -1.5939 1.5705, 1.878 -1.5453 0.9094, 1.8684 -1.5453 1.0188, 1.7936 -1.5453 1.2244, 1.84 -1.5453 1.1249, 1.6529 -1.5453 1.392, 1.7306 -1.5453 1.3144, 1.563 -1.5453 1.455, 1.4635 -1.5453 1.5014, 1.3574 -1.5453 1.5298, 1.3479 -1.5453 1.4114, 1.4439 -1.5453 1.3823, 1.5324 -1.5453 1.335, 1.6099 -1.5453 1.2714, 1.7598 -1.5453 0.9094, 1.75 -1.5453 1.0093, 1.7209 -1.5453 1.1053, 1.6736 -1.5453 1.1938, 1.3479 -1.7618 1.4114, 1.4439 -1.7618 1.3823, 1.5324 -1.7618 1.335, 1.6099 -1.7618 1.2714, 1.6736 -1.7618 1.1938, 1.7209 -1.7618 1.1053, 1.75 -1.7618 1.0093, 1.7598 -1.7618 0.9094, 1.878 -1.7618 0.689, 1.878 -1.7372 0.689, 1.8974 -1.7274 0.689, 1.9139 -1.7132 0.689, 1.9265 -1.6955 0.689, 1.9343 -1.6751 0.689, 1.937 -1.6535 0.689, 1.9343 -1.6319 0.689, 1.9265 -1.6116 0.689, 1.9139 -1.5939 0.689, 1.8974 -1.5797 0.689, 1.878 -1.5699 0.689, 1.878 -1.5453 0.689, 1.7598 -1.5453 0.689, 1.7598 -1.7618 0.689, 1.3574 -1.7618 0.0686, 1.324 -1.7372 0.0636, 1.3572 -1.7372 0.0697, 1.3988 -1.7372 0.0774, 1.4635 -1.7618 0.097, 1.4633 -1.7372 0.0975, 1.4714 -1.7372 0.1, 1.563 -1.7618 0.1434, 1.5408 -1.7372 0.1312, 1.5625 -1.7372 0.1443, 1.6059 -1.7372 0.1706, 1.6529 -1.7618 0.2064, 1.6524 -1.7372 0.2071, 1.6657 -1.7372 0.2175, 1.7306 -1.7618 0.2841, 1.7195 -1.7372 0.2713, 1.73 -1.7372 0.2846, 1.7936 -1.7618 0.374, 1.7664 -1.7372 0.3311, 1.7927 -1.7372 0.3745, 1.8058 -1.7372 0.3962, 1.84 -1.7618 0.4735, 1.837 -1.7372 0.4656, 1.8395 -1.7372 0.4737, 1.8684 -1.7618 0.5796, 1.8596 -1.7372 0.5382, 1.8734 -1.7372 0.613, 1.8673 -1.7372 0.5798, 1.8786 -1.7274 0.5336, 1.8552 -1.7274 0.4587, 1.7825 -1.7274 0.3201, 1.6169 -1.7274 0.1545, 1.4034 -1.7274 0.0585, 1.8673 -1.5699 0.5798, 1.8734 -1.5699 0.613, 1.8927 -1.5797 0.6107, 1.7927 -1.5699 0.3745, 1.8058 -1.5699 0.3962, 1.823 -1.5797 0.3872, 1.6524 -1.5699 0.2071, 1.6657 -1.5699 0.2175, 1.6787 -1.5797 0.2029, 1.4633 -1.5699 0.0975, 1.4714 -1.5699 0.1, 1.4783 -1.5797 0.0818, 1.3572 -1.5699 0.0697, 1.3988 -1.5699 0.0774, 1.4034 -1.5797 0.0585, 1.6059 -1.5699 0.1706, 1.7664 -1.5699 0.3311, 1.8596 -1.5699 0.5382, 1.324 -1.5699 0.0636, 1.3263 -1.5797 0.0443, 1.3283 -1.5939 0.0279, 1.4074 -1.5939 0.0424, 1.3298 -1.6116 0.0155, 1.4104 -1.6116 0.0302, 1.3308 -1.6319 0.0077, 1.4123 -1.6319 0.0226, 1.3311 -1.6535 0.005, 1.4129 -1.6535 0.02, 1.3308 -1.6751 0.0077, 1.4123 -1.6751 0.0226, 1.3298 -1.6955 0.0155, 1.4104 -1.6955 0.0302, 1.3283 -1.7132 0.0279, 1.4074 -1.7132 0.0424, 1.3263 -1.7274 0.0443, 1.5408 -1.5699 0.1312, 1.5625 -1.5699 0.1443, 1.5498 -1.5797 0.114, 1.6169 -1.5797 0.1545, 1.5575 -1.5939 0.0994, 1.6263 -1.5939 0.141, 1.5633 -1.6116 0.0882, 1.6334 -1.6116 0.1306, 1.567 -1.6319 0.0813, 1.6379 -1.6319 0.1242, 1.5682 -1.6535 0.0789, 1.6394 -1.6535 0.122, 1.567 -1.6751 0.0813, 1.6379 -1.6751 0.1242, 1.5633 -1.6955 0.0882, 1.6334 -1.6955 0.1306, 1.5575 -1.7132 0.0994, 1.6263 -1.7132 0.141, 1.5498 -1.7274 0.114, 1.7195 -1.5699 0.2713, 1.73 -1.5699 0.2846, 1.7341 -1.5797 0.2584, 1.7825 -1.5797 0.3201, 1.7465 -1.5939 0.2474, 1.7961 -1.5939 0.3107, 1.7559 -1.6116 0.2391, 1.8064 -1.6116 0.3036, 1.7617 -1.6319 0.2339, 1.8129 -1.6319 0.2991, 1.7637 -1.6535 0.2321, 1.815 -1.6535 0.2976, 1.7617 -1.6751 0.2339, 1.8129 -1.6751 0.2991, 1.7559 -1.6955 0.2391, 1.8064 -1.6955 0.3036, 1.7465 -1.7132 0.2474, 1.7961 -1.7132 0.3107, 1.7341 -1.7274 0.2584, 1.248 -1.5699 0.0591, 1.248 -1.5797 0.0396, 1.248 -1.5939 0.0231, 1.248 -1.6116 0.0105, 1.248 -1.6319 0.0027, 1.248 -1.6535 -0.0, 1.248 -1.6751 0.0027, 1.248 -1.6955 0.0105, 1.248 -1.7132 0.0231, 1.248 -1.7274 0.0396, 1.4783 -1.7274 0.0818, 1.4842 -1.7132 0.0664, 1.4886 -1.6955 0.0546, 1.4914 -1.6751 0.0473, 1.4923 -1.6535 0.0448, 1.4914 -1.6319 0.0473, 1.4886 -1.6116 0.0546, 1.4842 -1.5939 0.0664, 1.6787 -1.7274 0.2029, 1.6896 -1.7132 0.1905, 1.6979 -1.6955 0.1811, 1.7031 -1.6751 0.1753, 1.7049 -1.6535 0.1733, 1.7031 -1.6319 0.1753, 1.6979 -1.6116 0.1811, 1.6896 -1.5939 0.1905, 1.823 -1.7274 0.3872, 1.8377 -1.7132 0.3795, 1.8488 -1.6955 0.3737, 1.8557 -1.6751 0.37, 1.8581 -1.6535 0.3688, 1.8557 -1.6319 0.37, 1.8488 -1.6116 0.3737, 1.8377 -1.5939 0.3795, 1.837 -1.5699 0.4656, 1.8552 -1.5797 0.4587, 1.8707 -1.5939 0.4528, 1.8824 -1.6116 0.4484, 1.8897 -1.6319 0.4456, 1.8922 -1.6535 0.4447, 1.8897 -1.6751 0.4456, 1.8824 -1.6955 0.4484, 1.8707 -1.7132 0.4528, 1.8946 -1.7132 0.5296, 1.9068 -1.6955 0.5266, 1.9144 -1.6751 0.5247, 1.917 -1.6535 0.5241, 1.9144 -1.6319 0.5247, 1.9068 -1.6116 0.5266, 1.8946 -1.5939 0.5296, 1.8786 -1.5797 0.5336, 1.8395 -1.5699 0.4737, 1.8927 -1.7274 0.6107, 1.9091 -1.7132 0.6087, 1.9215 -1.6955 0.6072, 1.9293 -1.6751 0.6063, 1.932 -1.6535 0.6059, 1.9293 -1.6319 0.6063, 1.9215 -1.6116 0.6072, 1.9091 -1.5939 0.6087, 1.248 -1.5453 0.0591, 1.3574 -1.5453 0.0686, 1.563 -1.5453 0.1434, 1.4635 -1.5453 0.097, 1.7306 -1.5453 0.2841, 1.6529 -1.5453 0.2064, 1.7936 -1.5453 0.374, 1.84 -1.5453 0.4735, 1.8684 -1.5453 0.5796, 1.248 -1.5453 0.1772, 1.3479 -1.5453 0.187, 1.4439 -1.5453 0.2161, 1.5324 -1.5453 0.2634, 1.6099 -1.5453 0.3271, 1.75 -1.5453 0.5891, 1.7209 -1.5453 0.4931, 1.6736 -1.5453 0.4046, 1.75 -1.7618 0.5891, 1.7209 -1.7618 0.4931, 1.6736 -1.7618 0.4046, 1.6099 -1.7618 0.3271, 1.5324 -1.7618 0.2634, 1.4439 -1.7618 0.2161, 1.3479 -1.7618 0.187, 1.248 -1.7618 0.1772, 1.248 -1.7618 0.1772
            ]
        }
        coordIndex [
            0,1,2,-1,2,1,3,-1,0,4,1,-1,1,4,5,-1,1,5,6,-1,1,6,7,-1,7,6,8,-1,7,8,9,-1,9,8,10,-1,9,10,11,-1,11,10,12,-1,11,12,13,-1,13,12,14,-1,13,14,15,-1,15,14,16,-1,15,16,17,-1,17,16,18,-1,17,18,19,-1,19,18,20,-1,19,20,21,-1,21,20,22,-1,21,22,23,-1,23,22,24,-1,23,24,25,-1,25,24,26,-1,26,24,27,-1,26,27,28,-1,28,27,29,-1,28,29,30,-1,30,29,31,-1,0,30,4,-1,4,30,31,-1,32,33,34,-1,34,33,35,-1,35,36,34,-1,34,36,37,-1,34,37,38,-1,37,39,38,-1,38,39,40,-1,38,40,41,-1,41,40,42,-1,42,43,41,-1,41,43,44,-1,41,44,45,-1,44,46,45,-1,45,46,47,-1,45,47,48,-1,47,49,48,-1,48,49,50,-1,48,50,51,-1,51,50,52,-1,52,53,51,-1,51,53,54,-1,51,54,55,-1,54,56,55,-1,55,56,57,-1,55,57,58,-1,58,57,59,-1,5,4,60,-1,60,4,58,-1,60,58,61,-1,61,58,59,-1,61,59,62,-1,57,56,63,-1,53,52,64,-1,46,44,65,-1,39,37,66,-1,67,68,69,-1,70,71,72,-1,73,74,75,-1,76,77,78,-1,79,80,81,-1,73,75,82,-1,70,72,83,-1,67,69,84,-1,85,79,86,-1,86,79,81,-1,86,81,87,-1,87,81,88,-1,87,88,89,-1,89,88,90,-1,89,90,91,-1,91,90,92,-1,91,92,93,-1,93,92,94,-1,93,94,95,-1,95,94,96,-1,95,96,97,-1,97,96,98,-1,97,98,99,-1,99,98,100,-1,99,100,101,-1,101,100,66,-1,102,103,104,-1,104,103,105,-1,104,105,106,-1,106,105,107,-1,106,107,108,-1,108,107,109,-1,108,109,110,-1,110,109,111,-1,110,111,112,-1,112,111,113,-1,112,113,114,-1,114,113,115,-1,114,115,116,-1,116,115,117,-1,116,117,118,-1,118,117,119,-1,118,119,120,-1,120,119,65,-1,121,122,123,-1,123,122,124,-1,123,124,125,-1,125,124,126,-1,125,126,127,-1,127,126,128,-1,127,128,129,-1,129,128,130,-1,129,130,131,-1,131,130,132,-1,131,132,133,-1,133,132,134,-1,133,134,135,-1,135,134,136,-1,135,136,137,-1,137,136,138,-1,137,138,139,-1,139,138,64,-1,140,85,141,-1,141,85,86,-1,141,86,142,-1,142,86,87,-1,142,87,143,-1,143,87,89,-1,143,89,144,-1,144,89,91,-1,144,91,145,-1,145,91,93,-1,145,93,146,-1,146,93,95,-1,146,95,147,-1,147,95,97,-1,147,97,148,-1,148,97,99,-1,148,99,149,-1,149,99,101,-1,149,101,33,-1,33,101,35,-1,66,37,101,-1,101,37,36,-1,101,36,35,-1,40,39,150,-1,150,39,66,-1,150,66,151,-1,151,66,100,-1,151,100,152,-1,152,100,98,-1,152,98,153,-1,153,98,96,-1,153,96,154,-1,154,96,94,-1,154,94,155,-1,155,94,92,-1,155,92,156,-1,156,92,90,-1,156,90,157,-1,157,90,88,-1,157,88,78,-1,78,88,81,-1,78,81,76,-1,76,81,80,-1,77,102,78,-1,78,102,104,-1,78,104,157,-1,157,104,106,-1,157,106,156,-1,156,106,108,-1,156,108,155,-1,155,108,110,-1,155,110,154,-1,154,110,112,-1,154,112,153,-1,153,112,114,-1,153,114,152,-1,152,114,116,-1,152,116,151,-1,151,116,118,-1,151,118,150,-1,150,118,120,-1,150,120,40,-1,40,120,42,-1,65,44,120,-1,120,44,43,-1,120,43,42,-1,47,46,158,-1,158,46,65,-1,158,65,159,-1,159,65,119,-1,159,119,160,-1,160,119,117,-1,160,117,161,-1,161,117,115,-1,161,115,162,-1,162,115,113,-1,162,113,163,-1,163,113,111,-1,163,111,164,-1,164,111,109,-1,164,109,165,-1,165,109,107,-1,165,107,75,-1,75,107,105,-1,75,105,82,-1,82,105,103,-1,74,121,75,-1,75,121,123,-1,75,123,165,-1,165,123,125,-1,165,125,164,-1,164,125,127,-1,164,127,163,-1,163,127,129,-1,163,129,162,-1,162,129,131,-1,162,131,161,-1,161,131,133,-1,161,133,160,-1,160,133,135,-1,160,135,159,-1,159,135,137,-1,159,137,158,-1,158,137,139,-1,158,139,47,-1,47,139,49,-1,64,52,139,-1,139,52,50,-1,139,50,49,-1,54,53,166,-1,166,53,64,-1,166,64,167,-1,167,64,138,-1,167,138,168,-1,168,138,136,-1,168,136,169,-1,169,136,134,-1,169,134,170,-1,170,134,132,-1,170,132,171,-1,171,132,130,-1,171,130,172,-1,172,130,128,-1,172,128,173,-1,173,128,126,-1,173,126,72,-1,72,126,124,-1,72,124,83,-1,83,124,122,-1,71,174,72,-1,72,174,175,-1,72,175,173,-1,173,175,176,-1,173,176,172,-1,172,176,177,-1,172,177,171,-1,171,177,178,-1,171,178,170,-1,170,178,179,-1,170,179,169,-1,169,179,180,-1,169,180,168,-1,168,180,181,-1,168,181,167,-1,167,181,182,-1,167,182,166,-1,166,182,63,-1,166,63,54,-1,54,63,56,-1,59,57,62,-1,62,57,63,-1,62,63,183,-1,183,63,182,-1,183,182,184,-1,184,182,181,-1,184,181,185,-1,185,181,180,-1,185,180,186,-1,186,180,179,-1,186,179,187,-1,187,179,178,-1,187,178,188,-1,188,178,177,-1,188,177,189,-1,189,177,176,-1,189,176,190,-1,190,176,175,-1,190,175,191,-1,191,175,174,-1,60,61,192,-1,192,61,62,-1,192,62,193,-1,193,62,183,-1,193,183,194,-1,194,183,184,-1,194,184,195,-1,195,184,185,-1,195,185,196,-1,196,185,186,-1,196,186,197,-1,197,186,187,-1,197,187,198,-1,198,187,188,-1,198,188,199,-1,199,188,189,-1,199,189,69,-1,69,189,190,-1,69,190,84,-1,84,190,191,-1,68,24,69,-1,69,24,22,-1,69,22,199,-1,199,22,20,-1,199,20,198,-1,198,20,18,-1,198,18,197,-1,197,18,16,-1,197,16,196,-1,196,16,14,-1,196,14,195,-1,195,14,12,-1,195,12,194,-1,194,12,10,-1,194,10,193,-1,193,10,8,-1,193,8,192,-1,192,8,6,-1,192,6,60,-1,60,6,5,-1,140,200,85,-1,85,200,201,-1,85,201,79,-1,202,103,102,-1,202,102,203,-1,102,77,203,-1,203,77,76,-1,203,76,201,-1,201,76,80,-1,201,80,79,-1,204,122,121,-1,204,121,205,-1,121,74,205,-1,205,74,73,-1,205,73,202,-1,202,73,82,-1,202,82,103,-1,122,204,83,-1,83,204,206,-1,83,206,70,-1,207,191,174,-1,207,174,206,-1,206,174,71,-1,206,71,70,-1,191,207,84,-1,84,207,208,-1,84,208,67,-1,27,24,208,-1,208,24,68,-1,208,68,67,-1,200,209,201,-1,201,209,210,-1,201,210,203,-1,203,210,211,-1,203,211,202,-1,202,211,212,-1,202,212,205,-1,205,212,213,-1,29,27,214,-1,214,27,208,-1,214,208,215,-1,215,208,207,-1,215,207,216,-1,216,207,206,-1,216,206,213,-1,213,206,204,-1,213,204,205,-1,31,29,217,-1,217,29,214,-1,217,214,218,-1,218,214,215,-1,218,215,219,-1,219,215,216,-1,219,216,220,-1,220,216,213,-1,220,213,221,-1,221,213,212,-1,221,212,222,-1,222,212,211,-1,222,211,223,-1,223,211,210,-1,223,210,224,-1,224,210,209,-1,224,32,223,-1,223,32,34,-1,223,34,222,-1,222,34,38,-1,222,38,221,-1,38,41,221,-1,221,41,45,-1,221,45,220,-1,220,45,48,-1,220,48,219,-1,219,48,51,-1,219,51,218,-1,218,51,55,-1,218,55,217,-1,217,55,58,-1,217,58,31,-1,31,58,4,-1,32,225,33,-1,33,225,226,-1,33,226,227,-1,33,227,149,-1,149,227,228,-1,149,228,148,-1,148,228,229,-1,148,229,147,-1,147,229,230,-1,147,230,146,-1,146,230,231,-1,146,231,145,-1,145,231,232,-1,145,232,144,-1,144,232,233,-1,144,233,143,-1,143,233,234,-1,143,234,142,-1,142,234,235,-1,142,235,141,-1,141,235,236,-1,141,236,140,-1,140,236,200,-1,200,236,237,-1,200,237,209,-1,209,237,238,-1,209,238,224,-1,224,238,239,-1,32,224,225,-1,225,224,239,-1,240,241,242,-1,242,241,243,-1,243,244,242,-1,242,244,245,-1,242,245,246,-1,245,247,246,-1,246,247,248,-1,246,248,249,-1,249,248,250,-1,250,251,249,-1,249,251,252,-1,249,252,253,-1,252,254,253,-1,253,254,255,-1,253,255,256,-1,255,257,256,-1,256,257,258,-1,256,258,259,-1,259,258,260,-1,260,261,259,-1,259,261,262,-1,259,262,263,-1,262,264,263,-1,263,264,265,-1,263,265,266,-1,266,265,267,-1,226,225,268,-1,268,225,266,-1,268,266,269,-1,269,266,267,-1,269,267,270,-1,265,264,271,-1,261,260,272,-1,254,252,273,-1,247,245,274,-1,275,276,277,-1,278,279,280,-1,281,282,283,-1,284,285,286,-1,287,288,289,-1,281,283,290,-1,278,280,291,-1,275,277,292,-1,293,287,294,-1,294,287,289,-1,294,289,295,-1,295,289,296,-1,295,296,297,-1,297,296,298,-1,297,298,299,-1,299,298,300,-1,299,300,301,-1,301,300,302,-1,301,302,303,-1,303,302,304,-1,303,304,305,-1,305,304,306,-1,305,306,307,-1,307,306,308,-1,307,308,309,-1,309,308,274,-1,310,311,312,-1,312,311,313,-1,312,313,314,-1,314,313,315,-1,314,315,316,-1,316,315,317,-1,316,317,318,-1,318,317,319,-1,318,319,320,-1,320,319,321,-1,320,321,322,-1,322,321,323,-1,322,323,324,-1,324,323,325,-1,324,325,326,-1,326,325,327,-1,326,327,328,-1,328,327,273,-1,329,330,331,-1,331,330,332,-1,331,332,333,-1,333,332,334,-1,333,334,335,-1,335,334,336,-1,335,336,337,-1,337,336,338,-1,337,338,339,-1,339,338,340,-1,339,340,341,-1,341,340,342,-1,341,342,343,-1,343,342,344,-1,343,344,345,-1,345,344,346,-1,345,346,347,-1,347,346,272,-1,348,293,349,-1,349,293,294,-1,349,294,350,-1,350,294,295,-1,350,295,351,-1,351,295,297,-1,351,297,352,-1,352,297,299,-1,352,299,353,-1,353,299,301,-1,353,301,354,-1,354,301,303,-1,354,303,355,-1,355,303,305,-1,355,305,356,-1,356,305,307,-1,356,307,357,-1,357,307,309,-1,357,309,241,-1,241,309,243,-1,274,245,309,-1,309,245,244,-1,309,244,243,-1,248,247,358,-1,358,247,274,-1,358,274,359,-1,359,274,308,-1,359,308,360,-1,360,308,306,-1,360,306,361,-1,361,306,304,-1,361,304,362,-1,362,304,302,-1,362,302,363,-1,363,302,300,-1,363,300,364,-1,364,300,298,-1,364,298,365,-1,365,298,296,-1,365,296,286,-1,286,296,289,-1,286,289,284,-1,284,289,288,-1,285,310,286,-1,286,310,312,-1,286,312,365,-1,365,312,314,-1,365,314,364,-1,364,314,316,-1,364,316,363,-1,363,316,318,-1,363,318,362,-1,362,318,320,-1,362,320,361,-1,361,320,322,-1,361,322,360,-1,360,322,324,-1,360,324,359,-1,359,324,326,-1,359,326,358,-1,358,326,328,-1,358,328,248,-1,248,328,250,-1,273,252,328,-1,328,252,251,-1,328,251,250,-1,255,254,366,-1,366,254,273,-1,366,273,367,-1,367,273,327,-1,367,327,368,-1,368,327,325,-1,368,325,369,-1,369,325,323,-1,369,323,370,-1,370,323,321,-1,370,321,371,-1,371,321,319,-1,371,319,372,-1,372,319,317,-1,372,317,373,-1,373,317,315,-1,373,315,283,-1,283,315,313,-1,283,313,290,-1,290,313,311,-1,282,329,283,-1,283,329,331,-1,283,331,373,-1,373,331,333,-1,373,333,372,-1,372,333,335,-1,372,335,371,-1,371,335,337,-1,371,337,370,-1,370,337,339,-1,370,339,369,-1,369,339,341,-1,369,341,368,-1,368,341,343,-1,368,343,367,-1,367,343,345,-1,367,345,366,-1,366,345,347,-1,366,347,255,-1,255,347,257,-1,272,260,347,-1,347,260,258,-1,347,258,257,-1,262,261,374,-1,374,261,272,-1,374,272,375,-1,375,272,346,-1,375,346,376,-1,376,346,344,-1,376,344,377,-1,377,344,342,-1,377,342,378,-1,378,342,340,-1,378,340,379,-1,379,340,338,-1,379,338,380,-1,380,338,336,-1,380,336,381,-1,381,336,334,-1,381,334,280,-1,280,334,332,-1,280,332,291,-1,291,332,330,-1,279,382,280,-1,280,382,383,-1,280,383,381,-1,381,383,384,-1,381,384,380,-1,380,384,385,-1,380,385,379,-1,379,385,386,-1,379,386,378,-1,378,386,387,-1,378,387,377,-1,377,387,388,-1,377,388,376,-1,376,388,389,-1,376,389,375,-1,375,389,390,-1,375,390,374,-1,374,390,271,-1,374,271,262,-1,262,271,264,-1,267,265,270,-1,270,265,271,-1,270,271,391,-1,391,271,390,-1,391,390,392,-1,392,390,389,-1,392,389,393,-1,393,389,388,-1,393,388,394,-1,394,388,387,-1,394,387,395,-1,395,387,386,-1,395,386,396,-1,396,386,385,-1,396,385,397,-1,397,385,384,-1,397,384,398,-1,398,384,383,-1,398,383,399,-1,399,383,382,-1,268,269,400,-1,400,269,270,-1,400,270,401,-1,401,270,391,-1,401,391,402,-1,402,391,392,-1,402,392,403,-1,403,392,393,-1,403,393,404,-1,404,393,394,-1,404,394,405,-1,405,394,395,-1,405,395,406,-1,406,395,396,-1,406,396,407,-1,407,396,397,-1,407,397,277,-1,277,397,398,-1,277,398,292,-1,292,398,399,-1,276,236,277,-1,277,236,235,-1,277,235,407,-1,407,235,234,-1,407,234,406,-1,406,234,233,-1,406,233,405,-1,405,233,232,-1,405,232,404,-1,404,232,231,-1,404,231,403,-1,403,231,230,-1,403,230,402,-1,402,230,229,-1,402,229,401,-1,401,229,228,-1,401,228,400,-1,400,228,227,-1,400,227,268,-1,268,227,226,-1,348,408,293,-1,293,408,409,-1,293,409,287,-1,410,311,310,-1,410,310,411,-1,310,285,411,-1,411,285,284,-1,411,284,409,-1,409,284,288,-1,409,288,287,-1,412,330,329,-1,412,329,413,-1,329,282,413,-1,413,282,281,-1,413,281,410,-1,410,281,290,-1,410,290,311,-1,330,412,291,-1,291,412,414,-1,291,414,278,-1,415,399,382,-1,415,382,414,-1,414,382,279,-1,414,279,278,-1,399,415,292,-1,292,415,416,-1,292,416,275,-1,237,236,416,-1,416,236,276,-1,416,276,275,-1,408,417,409,-1,409,417,418,-1,409,418,411,-1,411,418,419,-1,411,419,410,-1,410,419,420,-1,410,420,413,-1,413,420,421,-1,238,237,422,-1,422,237,416,-1,422,416,423,-1,423,416,415,-1,423,415,424,-1,424,415,414,-1,424,414,421,-1,421,414,412,-1,421,412,413,-1,239,238,425,-1,425,238,422,-1,425,422,426,-1,426,422,423,-1,426,423,427,-1,427,423,424,-1,427,424,428,-1,428,424,421,-1,428,421,429,-1,429,421,420,-1,429,420,430,-1,430,420,419,-1,430,419,431,-1,431,419,418,-1,431,418,432,-1,432,418,417,-1,432,240,431,-1,431,240,242,-1,431,242,430,-1,430,242,246,-1,430,246,429,-1,246,249,429,-1,429,249,253,-1,429,253,428,-1,428,253,256,-1,428,256,427,-1,427,256,259,-1,427,259,426,-1,426,259,263,-1,426,263,425,-1,425,263,266,-1,425,266,239,-1,239,266,225,-1,240,433,241,-1,241,433,434,-1,241,434,435,-1,241,435,357,-1,357,435,436,-1,357,436,356,-1,356,436,437,-1,356,437,355,-1,355,437,438,-1,355,438,354,-1,354,438,439,-1,354,439,353,-1,353,439,440,-1,353,440,352,-1,352,440,441,-1,352,441,351,-1,351,441,442,-1,351,442,350,-1,350,442,443,-1,350,443,349,-1,349,443,444,-1,349,444,348,-1,348,444,408,-1,408,444,445,-1,408,445,417,-1,417,445,446,-1,417,446,432,-1,432,446,447,-1,240,432,433,-1,433,432,447,-1,448,449,450,-1,450,449,451,-1,451,452,450,-1,450,452,453,-1,450,453,454,-1,453,455,454,-1,454,455,456,-1,454,456,457,-1,457,456,458,-1,458,459,457,-1,457,459,460,-1,457,460,461,-1,460,462,461,-1,461,462,463,-1,461,463,464,-1,463,465,464,-1,464,465,466,-1,464,466,467,-1,467,466,468,-1,468,469,467,-1,467,469,470,-1,467,470,471,-1,470,472,471,-1,471,472,473,-1,471,473,474,-1,474,473,475,-1,434,433,476,-1,476,433,474,-1,476,474,477,-1,477,474,475,-1,477,475,478,-1,473,472,479,-1,469,468,480,-1,462,460,481,-1,455,453,482,-1,483,484,485,-1,486,487,488,-1,489,490,491,-1,492,493,494,-1,495,496,497,-1,489,491,498,-1,486,488,499,-1,483,485,500,-1,501,495,502,-1,502,495,497,-1,502,497,503,-1,503,497,504,-1,503,504,505,-1,505,504,506,-1,505,506,507,-1,507,506,508,-1,507,508,509,-1,509,508,510,-1,509,510,511,-1,511,510,512,-1,511,512,513,-1,513,512,514,-1,513,514,515,-1,515,514,516,-1,515,516,517,-1,517,516,482,-1,518,519,520,-1,520,519,521,-1,520,521,522,-1,522,521,523,-1,522,523,524,-1,524,523,525,-1,524,525,526,-1,526,525,527,-1,526,527,528,-1,528,527,529,-1,528,529,530,-1,530,529,531,-1,530,531,532,-1,532,531,533,-1,532,533,534,-1,534,533,535,-1,534,535,536,-1,536,535,481,-1,537,538,539,-1,539,538,540,-1,539,540,541,-1,541,540,542,-1,541,542,543,-1,543,542,544,-1,543,544,545,-1,545,544,546,-1,545,546,547,-1,547,546,548,-1,547,548,549,-1,549,548,550,-1,549,550,551,-1,551,550,552,-1,551,552,553,-1,553,552,554,-1,553,554,555,-1,555,554,480,-1,556,501,557,-1,557,501,502,-1,557,502,558,-1,558,502,503,-1,558,503,559,-1,559,503,505,-1,559,505,560,-1,560,505,507,-1,560,507,561,-1,561,507,509,-1,561,509,562,-1,562,509,511,-1,562,511,563,-1,563,511,513,-1,563,513,564,-1,564,513,515,-1,564,515,565,-1,565,515,517,-1,565,517,449,-1,449,517,451,-1,482,453,517,-1,517,453,452,-1,517,452,451,-1,456,455,566,-1,566,455,482,-1,566,482,567,-1,567,482,516,-1,567,516,568,-1,568,516,514,-1,568,514,569,-1,569,514,512,-1,569,512,570,-1,570,512,510,-1,570,510,571,-1,571,510,508,-1,571,508,572,-1,572,508,506,-1,572,506,573,-1,573,506,504,-1,573,504,494,-1,494,504,497,-1,494,497,492,-1,492,497,496,-1,493,518,494,-1,494,518,520,-1,494,520,573,-1,573,520,522,-1,573,522,572,-1,572,522,524,-1,572,524,571,-1,571,524,526,-1,571,526,570,-1,570,526,528,-1,570,528,569,-1,569,528,530,-1,569,530,568,-1,568,530,532,-1,568,532,567,-1,567,532,534,-1,567,534,566,-1,566,534,536,-1,566,536,456,-1,456,536,458,-1,481,460,536,-1,536,460,459,-1,536,459,458,-1,463,462,574,-1,574,462,481,-1,574,481,575,-1,575,481,535,-1,575,535,576,-1,576,535,533,-1,576,533,577,-1,577,533,531,-1,577,531,578,-1,578,531,529,-1,578,529,579,-1,579,529,527,-1,579,527,580,-1,580,527,525,-1,580,525,581,-1,581,525,523,-1,581,523,491,-1,491,523,521,-1,491,521,498,-1,498,521,519,-1,490,537,491,-1,491,537,539,-1,491,539,581,-1,581,539,541,-1,581,541,580,-1,580,541,543,-1,580,543,579,-1,579,543,545,-1,579,545,578,-1,578,545,547,-1,578,547,577,-1,577,547,549,-1,577,549,576,-1,576,549,551,-1,576,551,575,-1,575,551,553,-1,575,553,574,-1,574,553,555,-1,574,555,463,-1,463,555,465,-1,480,468,555,-1,555,468,466,-1,555,466,465,-1,470,469,582,-1,582,469,480,-1,582,480,583,-1,583,480,554,-1,583,554,584,-1,584,554,552,-1,584,552,585,-1,585,552,550,-1,585,550,586,-1,586,550,548,-1,586,548,587,-1,587,548,546,-1,587,546,588,-1,588,546,544,-1,588,544,589,-1,589,544,542,-1,589,542,488,-1,488,542,540,-1,488,540,499,-1,499,540,538,-1,487,590,488,-1,488,590,591,-1,488,591,589,-1,589,591,592,-1,589,592,588,-1,588,592,593,-1,588,593,587,-1,587,593,594,-1,587,594,586,-1,586,594,595,-1,586,595,585,-1,585,595,596,-1,585,596,584,-1,584,596,597,-1,584,597,583,-1,583,597,598,-1,583,598,582,-1,582,598,479,-1,582,479,470,-1,470,479,472,-1,475,473,478,-1,478,473,479,-1,478,479,599,-1,599,479,598,-1,599,598,600,-1,600,598,597,-1,600,597,601,-1,601,597,596,-1,601,596,602,-1,602,596,595,-1,602,595,603,-1,603,595,594,-1,603,594,604,-1,604,594,593,-1,604,593,605,-1,605,593,592,-1,605,592,606,-1,606,592,591,-1,606,591,607,-1,607,591,590,-1,476,477,608,-1,608,477,478,-1,608,478,609,-1,609,478,599,-1,609,599,610,-1,610,599,600,-1,610,600,611,-1,611,600,601,-1,611,601,612,-1,612,601,602,-1,612,602,613,-1,613,602,603,-1,613,603,614,-1,614,603,604,-1,614,604,615,-1,615,604,605,-1,615,605,485,-1,485,605,606,-1,485,606,500,-1,500,606,607,-1,484,444,485,-1,485,444,443,-1,485,443,615,-1,615,443,442,-1,615,442,614,-1,614,442,441,-1,614,441,613,-1,613,441,440,-1,613,440,612,-1,612,440,439,-1,612,439,611,-1,611,439,438,-1,611,438,610,-1,610,438,437,-1,610,437,609,-1,609,437,436,-1,609,436,608,-1,608,436,435,-1,608,435,476,-1,476,435,434,-1,556,616,501,-1,501,616,617,-1,501,617,495,-1,618,519,518,-1,618,518,619,-1,518,493,619,-1,619,493,492,-1,619,492,617,-1,617,492,496,-1,617,496,495,-1,620,538,537,-1,620,537,621,-1,537,490,621,-1,621,490,489,-1,621,489,618,-1,618,489,498,-1,618,498,519,-1,538,620,499,-1,499,620,622,-1,499,622,486,-1,623,607,590,-1,623,590,622,-1,622,590,487,-1,622,487,486,-1,607,623,500,-1,500,623,624,-1,500,624,483,-1,445,444,624,-1,624,444,484,-1,624,484,483,-1,446,445,625,-1,625,445,624,-1,625,624,626,-1,626,624,623,-1,626,623,627,-1,627,623,622,-1,627,622,628,-1,616,629,617,-1,617,629,630,-1,617,630,619,-1,619,630,631,-1,619,631,618,-1,618,631,632,-1,618,632,621,-1,621,632,628,-1,621,628,620,-1,620,628,622,-1,447,446,633,-1,633,446,625,-1,633,625,634,-1,634,625,626,-1,634,626,635,-1,635,626,627,-1,635,627,636,-1,636,627,628,-1,636,628,637,-1,637,628,632,-1,637,632,638,-1,638,632,631,-1,638,631,639,-1,639,631,630,-1,639,630,640,-1,640,630,629,-1,640,448,639,-1,639,448,450,-1,639,450,638,-1,638,450,454,-1,638,454,637,-1,433,447,474,-1,474,447,633,-1,474,633,471,-1,471,633,634,-1,471,634,467,-1,467,634,635,-1,467,635,464,-1,464,635,636,-1,464,636,461,-1,461,636,637,-1,461,637,457,-1,457,637,454,-1,448,641,449,-1,449,641,642,-1,449,642,643,-1,449,643,565,-1,565,643,644,-1,565,644,564,-1,564,644,645,-1,564,645,563,-1,563,645,646,-1,563,646,562,-1,562,646,647,-1,562,647,561,-1,561,647,648,-1,561,648,560,-1,560,648,649,-1,560,649,559,-1,559,649,650,-1,559,650,558,-1,558,650,651,-1,558,651,557,-1,557,651,652,-1,557,652,556,-1,556,652,616,-1,616,652,653,-1,616,653,629,-1,629,653,654,-1,629,654,640,-1,640,654,655,-1,448,640,641,-1,641,640,655,-1,2,3,656,-1,656,3,657,-1,657,658,656,-1,656,658,659,-1,656,659,660,-1,659,661,660,-1,660,661,662,-1,660,662,663,-1,663,662,664,-1,664,665,663,-1,663,665,666,-1,663,666,667,-1,666,668,667,-1,667,668,669,-1,667,669,670,-1,669,671,670,-1,670,671,672,-1,670,672,673,-1,673,672,674,-1,674,675,673,-1,673,675,676,-1,673,676,677,-1,676,678,677,-1,677,678,679,-1,677,679,680,-1,680,679,681,-1,642,641,682,-1,682,641,680,-1,682,680,683,-1,683,680,681,-1,683,681,684,-1,679,678,685,-1,675,674,686,-1,668,666,687,-1,661,659,688,-1,689,690,691,-1,692,693,694,-1,695,696,697,-1,698,699,700,-1,701,702,703,-1,695,697,704,-1,692,694,705,-1,689,691,706,-1,707,701,708,-1,708,701,703,-1,708,703,709,-1,709,703,710,-1,709,710,711,-1,711,710,712,-1,711,712,713,-1,713,712,714,-1,713,714,715,-1,715,714,716,-1,715,716,717,-1,717,716,718,-1,717,718,719,-1,719,718,720,-1,719,720,721,-1,721,720,722,-1,721,722,723,-1,723,722,688,-1,724,725,726,-1,726,725,727,-1,726,727,728,-1,728,727,729,-1,728,729,730,-1,730,729,731,-1,730,731,732,-1,732,731,733,-1,732,733,734,-1,734,733,735,-1,734,735,736,-1,736,735,737,-1,736,737,738,-1,738,737,739,-1,738,739,740,-1,740,739,741,-1,740,741,742,-1,742,741,687,-1,743,744,745,-1,745,744,746,-1,745,746,747,-1,747,746,748,-1,747,748,749,-1,749,748,750,-1,749,750,751,-1,751,750,752,-1,751,752,753,-1,753,752,754,-1,753,754,755,-1,755,754,756,-1,755,756,757,-1,757,756,758,-1,757,758,759,-1,759,758,760,-1,759,760,761,-1,761,760,686,-1,762,707,763,-1,763,707,708,-1,763,708,764,-1,764,708,709,-1,764,709,765,-1,765,709,711,-1,765,711,766,-1,766,711,713,-1,766,713,767,-1,767,713,715,-1,767,715,768,-1,768,715,717,-1,768,717,769,-1,769,717,719,-1,769,719,770,-1,770,719,721,-1,770,721,771,-1,771,721,723,-1,771,723,3,-1,3,723,657,-1,688,659,723,-1,723,659,658,-1,723,658,657,-1,662,661,772,-1,772,661,688,-1,772,688,773,-1,773,688,722,-1,773,722,774,-1,774,722,720,-1,774,720,775,-1,775,720,718,-1,775,718,776,-1,776,718,716,-1,776,716,777,-1,777,716,714,-1,777,714,778,-1,778,714,712,-1,778,712,779,-1,779,712,710,-1,779,710,700,-1,700,710,703,-1,700,703,698,-1,698,703,702,-1,699,724,700,-1,700,724,726,-1,700,726,779,-1,779,726,728,-1,779,728,778,-1,778,728,730,-1,778,730,777,-1,777,730,732,-1,777,732,776,-1,776,732,734,-1,776,734,775,-1,775,734,736,-1,775,736,774,-1,774,736,738,-1,774,738,773,-1,773,738,740,-1,773,740,772,-1,772,740,742,-1,772,742,662,-1,662,742,664,-1,687,666,742,-1,742,666,665,-1,742,665,664,-1,669,668,780,-1,780,668,687,-1,780,687,781,-1,781,687,741,-1,781,741,782,-1,782,741,739,-1,782,739,783,-1,783,739,737,-1,783,737,784,-1,784,737,735,-1,784,735,785,-1,785,735,733,-1,785,733,786,-1,786,733,731,-1,786,731,787,-1,787,731,729,-1,787,729,697,-1,697,729,727,-1,697,727,704,-1,704,727,725,-1,696,743,697,-1,697,743,745,-1,697,745,787,-1,787,745,747,-1,787,747,786,-1,786,747,749,-1,786,749,785,-1,785,749,751,-1,785,751,784,-1,784,751,753,-1,784,753,783,-1,783,753,755,-1,783,755,782,-1,782,755,757,-1,782,757,781,-1,781,757,759,-1,781,759,780,-1,780,759,761,-1,780,761,669,-1,669,761,671,-1,686,674,761,-1,761,674,672,-1,761,672,671,-1,676,675,788,-1,788,675,686,-1,788,686,789,-1,789,686,760,-1,789,760,790,-1,790,760,758,-1,790,758,791,-1,791,758,756,-1,791,756,792,-1,792,756,754,-1,792,754,793,-1,793,754,752,-1,793,752,794,-1,794,752,750,-1,794,750,795,-1,795,750,748,-1,795,748,694,-1,694,748,746,-1,694,746,705,-1,705,746,744,-1,693,796,694,-1,694,796,797,-1,694,797,795,-1,795,797,798,-1,795,798,794,-1,794,798,799,-1,794,799,793,-1,793,799,800,-1,793,800,792,-1,792,800,801,-1,792,801,791,-1,791,801,802,-1,791,802,790,-1,790,802,803,-1,790,803,789,-1,789,803,804,-1,789,804,788,-1,788,804,685,-1,788,685,676,-1,676,685,678,-1,681,679,684,-1,684,679,685,-1,684,685,805,-1,805,685,804,-1,805,804,806,-1,806,804,803,-1,806,803,807,-1,807,803,802,-1,807,802,808,-1,808,802,801,-1,808,801,809,-1,809,801,800,-1,809,800,810,-1,810,800,799,-1,810,799,811,-1,811,799,798,-1,811,798,812,-1,812,798,797,-1,812,797,813,-1,813,797,796,-1,682,683,814,-1,814,683,684,-1,814,684,815,-1,815,684,805,-1,815,805,816,-1,816,805,806,-1,816,806,817,-1,817,806,807,-1,817,807,818,-1,818,807,808,-1,818,808,819,-1,819,808,809,-1,819,809,820,-1,820,809,810,-1,820,810,821,-1,821,810,811,-1,821,811,691,-1,691,811,812,-1,691,812,706,-1,706,812,813,-1,690,652,691,-1,691,652,651,-1,691,651,821,-1,821,651,650,-1,821,650,820,-1,820,650,649,-1,820,649,819,-1,819,649,648,-1,819,648,818,-1,818,648,647,-1,818,647,817,-1,817,647,646,-1,817,646,816,-1,816,646,645,-1,816,645,815,-1,815,645,644,-1,815,644,814,-1,814,644,643,-1,814,643,682,-1,682,643,642,-1,762,822,707,-1,707,822,823,-1,707,823,701,-1,824,725,724,-1,824,724,825,-1,724,699,825,-1,825,699,698,-1,825,698,823,-1,823,698,702,-1,823,702,701,-1,826,744,743,-1,826,743,827,-1,743,696,827,-1,827,696,695,-1,827,695,824,-1,824,695,704,-1,824,704,725,-1,744,826,705,-1,705,826,828,-1,705,828,692,-1,829,813,796,-1,829,796,828,-1,828,796,693,-1,828,693,692,-1,813,829,706,-1,706,829,830,-1,706,830,689,-1,653,652,830,-1,830,652,690,-1,830,690,689,-1,822,831,823,-1,823,831,832,-1,823,832,825,-1,825,832,833,-1,825,833,824,-1,824,833,834,-1,824,834,827,-1,827,834,835,-1,654,653,836,-1,836,653,830,-1,836,830,837,-1,837,830,829,-1,837,829,838,-1,838,829,828,-1,838,828,835,-1,835,828,826,-1,835,826,827,-1,655,654,839,-1,839,654,836,-1,839,836,840,-1,840,836,837,-1,840,837,841,-1,841,837,838,-1,841,838,842,-1,842,838,835,-1,842,835,843,-1,843,835,834,-1,843,834,844,-1,844,834,833,-1,844,833,845,-1,845,833,832,-1,845,832,846,-1,846,832,831,-1,843,667,842,-1,842,667,670,-1,842,670,841,-1,841,670,673,-1,841,673,840,-1,840,673,677,-1,840,677,839,-1,839,677,680,-1,839,680,655,-1,655,680,641,-1,846,2,845,-1,845,2,656,-1,845,656,844,-1,844,656,660,-1,844,660,843,-1,843,660,663,-1,843,663,667,-1,3,1,7,-1,3,7,771,-1,771,7,9,-1,771,9,770,-1,770,9,11,-1,770,11,769,-1,769,11,13,-1,769,13,768,-1,768,13,15,-1,768,15,767,-1,767,15,17,-1,767,17,766,-1,766,17,19,-1,766,19,765,-1,765,19,21,-1,765,21,764,-1,764,21,23,-1,764,23,763,-1,763,23,25,-1,763,25,762,-1,26,822,25,-1,25,822,762,-1,28,831,26,-1,26,831,822,-1,30,846,28,-1,28,846,831,-1,0,2,30,-1,30,2,846,-1,
        ]
    }
}
Shape{
    appearance Appearance {
        material  Material 	{
            diffuseColor 0.8313725490196079 0.6705882352941176 0.12941176470588237
            specularColor 0.6666666666666666 0.5372549019607843 0.10196078431372549
            ambientIntensity 0.2
            transparency 0
            shininess 0.5
        }
    }
    geometry IndexedFaceSet {
        ccw TRUE
        solid FALSE
        coord DEF co Coordinate {
            point [
                -0.7382 0.4921 0.1772, -0.6398 0.4921 0.1772, -0.7382 0.2362 0.1772, -0.6398 0.2362 0.1772, -0.7382 0.2602 0.2239, -0.7382 0.217 0.1925, -0.7382 0.2579 0.2277, -0.7382 0.2165 0.1969, -0.7382 0.2564 0.2318, -0.7382 0.4921 0.2165, -0.7382 0.2756 0.2165, -0.7382 0.2712 0.217, -0.7382 0.267 0.2185, -0.7382 0.2165 0.2953, -0.7382 0.2559 0.2953, -0.7382 0.2559 0.2362, -0.7382 0.2277 0.1791, -0.7382 0.2239 0.1815, -0.7382 0.2633 0.2208, -0.7382 0.2208 0.1846, -0.7382 0.2185 0.1883, -0.7382 0.2318 0.1777, -0.6398 0.4921 0.2165, -0.6398 0.2602 0.2239, -0.6398 0.2579 0.2277, -0.6398 0.2165 0.1969, -0.6398 0.2756 0.2165, -0.6398 0.217 0.1925, -0.6398 0.2185 0.1883, -0.6398 0.2633 0.2208, -0.6398 0.2208 0.1846, -0.6398 0.2239 0.1815, -0.6398 0.2559 0.2953, -0.6398 0.2165 0.2953, -0.6398 0.2559 0.2362, -0.6398 0.2564 0.2318, -0.6398 0.2712 0.217, -0.6398 0.267 0.2185, -0.6398 0.2318 0.1777, -0.6398 0.2277 0.1791, 1.1417 -2.1947 0.9449, 1.0236 -2.1947 0.9449, 1.1417 -2.1947 0.937, 1.0236 -2.1947 0.937, 1.1417 -0.6199 0.9449, 1.1417 -0.6199 0.937, 1.0236 -0.6199 0.9449, 1.0236 -0.6199 0.937, -0.2461 -0.0 0.1772, -0.1476 -0.0 0.1772, -0.2461 -0.2559 0.1772, -0.1476 -0.2559 0.1772, -0.2461 -0.2756 0.2953, -0.2461 -0.2362 0.2953, -0.2461 -0.2756 0.1969, -0.2461 -0.2362 0.2362, -0.2461 -0.2251 0.2185, -0.2461 -0.2288 0.2208, -0.2461 -0.2603 0.1777, -0.2461 -0.2644 0.1791, -0.2461 -0.0 0.2165, -0.2461 -0.2165 0.2165, -0.2461 -0.2209 0.217, -0.2461 -0.2357 0.2318, -0.2461 -0.2343 0.2277, -0.2461 -0.2751 0.1925, -0.2461 -0.2319 0.2239, -0.2461 -0.2682 0.1815, -0.2461 -0.2713 0.1846, -0.2461 -0.2736 0.1883, -0.1476 -0.0 0.2165, -0.1476 -0.2165 0.2165, -0.1476 -0.2319 0.2239, -0.1476 -0.2343 0.2277, -0.1476 -0.2756 0.1969, -0.1476 -0.2209 0.217, -0.1476 -0.2251 0.2185, -0.1476 -0.2603 0.1777, -0.1476 -0.2288 0.2208, -0.1476 -0.2644 0.1791, -0.1476 -0.2682 0.1815, -0.1476 -0.2751 0.1925, -0.1476 -0.2736 0.1883, -0.1476 -0.2713 0.1846, -0.1476 -0.2362 0.2953, -0.1476 -0.2756 0.2953, -0.1476 -0.2362 0.2362, -0.1476 -0.2357 0.2318, 0.3445 -0.0 0.1772, 0.4429 -0.0 0.1772, 0.3445 -0.2559 0.1772, 0.4429 -0.2559 0.1772, 0.4429 -0.2756 0.1969, 0.4429 -0.2756 0.2953, 0.3445 -0.2756 0.1969, 0.3445 -0.2756 0.2953, 0.3445 -0.2362 0.2953, 0.3445 -0.2362 0.2362, 0.3445 -0.2251 0.2185, 0.3445 -0.2288 0.2208, 0.3445 -0.2603 0.1777, 0.3445 -0.2644 0.1791, 0.3445 -0.0 0.2165, 0.3445 -0.2165 0.2165, 0.3445 -0.2209 0.217, 0.3445 -0.2357 0.2318, 0.3445 -0.2343 0.2277, 0.3445 -0.2751 0.1925, 0.3445 -0.2319 0.2239, 0.3445 -0.2682 0.1815, 0.3445 -0.2713 0.1846, 0.3445 -0.2736 0.1883, 0.4429 -0.0 0.2165, 0.4429 -0.2165 0.2165, 0.4429 -0.2319 0.2239, 0.4429 -0.2343 0.2277, 0.4429 -0.2209 0.217, 0.4429 -0.2251 0.2185, 0.4429 -0.2603 0.1777, 0.4429 -0.2288 0.2208, 0.4429 -0.2644 0.1791, 0.4429 -0.2682 0.1815, 0.4429 -0.2751 0.1925, 0.4429 -0.2736 0.1883, 0.4429 -0.2713 0.1846, 0.4429 -0.2362 0.2953, 0.4429 -0.2362 0.2362, 0.4429 -0.2357 0.2318, -1.0236 -0.6199 0.9449, -1.0236 -2.1947 0.9449, -1.0236 -0.6199 0.937, -1.0236 -2.1947 0.937, -1.1417 -0.6199 0.9449, -1.1417 -0.6199 0.937, -1.1417 -2.1947 0.9449, -1.1417 -2.1947 0.937, -0.1476 0.4921 0.1772, -0.0492 0.4921 0.1772, -0.1476 0.2362 0.1772, -0.0492 0.2362 0.1772, -0.1476 0.2602 0.2239, -0.1476 0.217 0.1925, -0.1476 0.2579 0.2277, -0.1476 0.2165 0.1969, -0.1476 0.2564 0.2318, -0.1476 0.4921 0.2165, -0.1476 0.2756 0.2165, -0.1476 0.2712 0.217, -0.1476 0.267 0.2185, -0.1476 0.2165 0.2953, -0.1476 0.2559 0.2953, -0.1476 0.2559 0.2362, -0.1476 0.2277 0.1791, -0.1476 0.2239 0.1815, -0.1476 0.2633 0.2208, -0.1476 0.2208 0.1846, -0.1476 0.2185 0.1883, -0.1476 0.2318 0.1777, -0.0492 0.4921 0.2165, -0.0492 0.2602 0.2239, -0.0492 0.2579 0.2277, -0.0492 0.2165 0.1969, -0.0492 0.2756 0.2165, -0.0492 0.217 0.1925, -0.0492 0.2185 0.1883, -0.0492 0.2633 0.2208, -0.0492 0.2208 0.1846, -0.0492 0.2239 0.1815, -0.0492 0.2559 0.2953, -0.0492 0.2165 0.2953, -0.0492 0.2559 0.2362, -0.0492 0.2564 0.2318, -0.0492 0.2712 0.217, -0.0492 0.267 0.2185, -0.0492 0.2318 0.1777, -0.0492 0.2277 0.1791, 0.8268 -0.4231 0.9449, 0.9449 -0.4231 0.9449, 0.8268 -0.4231 0.937, 0.9449 -0.4231 0.937, 0.8268 -1.9979 0.9449, 0.8268 -1.9979 0.937, 0.9449 -1.9979 0.9449, 0.9449 -1.9979 0.937, 1.3484 0.4921 0.1772, 1.4469 0.4921 0.1772, 1.3484 0.2362 0.1772, 1.4469 0.2362 0.1772, 1.4469 0.2165 0.1969, 1.4469 0.2165 0.2953, 1.3484 0.2165 0.1969, 1.3484 0.2165 0.2953, 1.3484 0.2602 0.2239, 1.3484 0.217 0.1925, 1.3484 0.2579 0.2277, 1.3484 0.2564 0.2318, 1.3484 0.4921 0.2165, 1.3484 0.2756 0.2165, 1.3484 0.2712 0.217, 1.3484 0.267 0.2185, 1.3484 0.2559 0.2953, 1.3484 0.2559 0.2362, 1.3484 0.2277 0.1791, 1.3484 0.2239 0.1815, 1.3484 0.2633 0.2208, 1.3484 0.2208 0.1846, 1.3484 0.2185 0.1883, 1.3484 0.2318 0.1777, 1.4469 0.4921 0.2165, 1.4469 0.2602 0.2239, 1.4469 0.2579 0.2277, 1.4469 0.2756 0.2165, 1.4469 0.217 0.1925, 1.4469 0.2185 0.1883, 1.4469 0.2633 0.2208, 1.4469 0.2208 0.1846, 1.4469 0.2239 0.1815, 1.4469 0.2559 0.2953, 1.4469 0.2559 0.2362, 1.4469 0.2564 0.2318, 1.4469 0.2712 0.217, 1.4469 0.267 0.2185, 1.4469 0.2318 0.1777, 1.4469 0.2277 0.1791, -1.25 0.4921 0.1772, -1.1516 0.4921 0.1772, -1.25 0.2362 0.1772, -1.1516 0.2362 0.1772, -1.25 0.2602 0.2239, -1.25 0.217 0.1925, -1.25 0.2579 0.2277, -1.25 0.2165 0.1969, -1.25 0.2564 0.2318, -1.25 0.4921 0.2165, -1.25 0.2756 0.2165, -1.25 0.2712 0.217, -1.25 0.267 0.2185, -1.25 0.2165 0.2953, -1.25 0.2559 0.2953, -1.25 0.2559 0.2362, -1.25 0.2277 0.1791, -1.25 0.2239 0.1815, -1.25 0.2633 0.2208, -1.25 0.2208 0.1846, -1.25 0.2185 0.1883, -1.25 0.2318 0.1777, -1.1516 0.4921 0.2165, -1.1516 0.2602 0.2239, -1.1516 0.2579 0.2277, -1.1516 0.2165 0.1969, -1.1516 0.2756 0.2165, -1.1516 0.217 0.1925, -1.1516 0.2185 0.1883, -1.1516 0.2633 0.2208, -1.1516 0.2208 0.1846, -1.1516 0.2239 0.1815, -1.1516 0.2559 0.2953, -1.1516 0.2165 0.2953, -1.1516 0.2559 0.2362, -1.1516 0.2564 0.2318, -1.1516 0.2712 0.217, -1.1516 0.267 0.2185, -1.1516 0.2318 0.1777, -1.1516 0.2277 0.1791, -0.2362 -1.9979 0.9449, -0.3543 -1.9979 0.9449, -0.2362 -1.9979 0.937, -0.3543 -1.9979 0.937, -0.2362 -0.4231 0.9449, -0.2362 -0.4231 0.937, -0.3543 -0.4231 0.9449, -0.3543 -0.4231 0.937, -0.935 0.4921 0.1772, -0.8366 0.4921 0.1772, -0.935 0.2362 0.1772, -0.8366 0.2362 0.1772, -0.935 0.2602 0.2239, -0.935 0.217 0.1925, -0.935 0.2579 0.2277, -0.935 0.2165 0.1969, -0.935 0.2564 0.2318, -0.935 0.4921 0.2165, -0.935 0.2756 0.2165, -0.935 0.2712 0.217, -0.935 0.267 0.2185, -0.935 0.2165 0.2953, -0.935 0.2559 0.2953, -0.935 0.2559 0.2362, -0.935 0.2277 0.1791, -0.935 0.2239 0.1815, -0.935 0.2633 0.2208, -0.935 0.2208 0.1846, -0.935 0.2185 0.1883, -0.935 0.2318 0.1777, -0.8366 0.4921 0.2165, -0.8366 0.2602 0.2239, -0.8366 0.2579 0.2277, -0.8366 0.2165 0.1969, -0.8366 0.2756 0.2165, -0.8366 0.217 0.1925, -0.8366 0.2185 0.1883, -0.8366 0.2633 0.2208, -0.8366 0.2208 0.1846, -0.8366 0.2239 0.1815, -0.8366 0.2559 0.2953, -0.8366 0.2165 0.2953, -0.8366 0.2559 0.2362, -0.8366 0.2564 0.2318, -0.8366 0.2712 0.217, -0.8366 0.267 0.2185, -0.8366 0.2318 0.1777, -0.8366 0.2277 0.1791, 0.4429 0.2602 0.2239, 0.4429 0.217 0.1925, 0.4429 0.2579 0.2277, 0.4429 0.2165 0.1969, 0.4429 0.2564 0.2318, 0.4429 0.4921 0.2165, 0.4429 0.4921 0.1772, 0.4429 0.2756 0.2165, 0.4429 0.2362 0.1772, 0.4429 0.2712 0.217, 0.4429 0.267 0.2185, 0.4429 0.2165 0.2953, 0.4429 0.2559 0.2953, 0.4429 0.2559 0.2362, 0.4429 0.2277 0.1791, 0.4429 0.2239 0.1815, 0.4429 0.2633 0.2208, 0.4429 0.2208 0.1846, 0.4429 0.2185 0.1883, 0.4429 0.2318 0.1777, 0.5413 0.4921 0.2165, 0.5413 0.4921 0.1772, 0.5413 0.2602 0.2239, 0.5413 0.2579 0.2277, 0.5413 0.2165 0.1969, 0.5413 0.2362 0.1772, 0.5413 0.2756 0.2165, 0.5413 0.217 0.1925, 0.5413 0.2185 0.1883, 0.5413 0.2633 0.2208, 0.5413 0.2208 0.1846, 0.5413 0.2239 0.1815, 0.5413 0.2559 0.2953, 0.5413 0.2165 0.2953, 0.5413 0.2559 0.2362, 0.5413 0.2564 0.2318, 0.5413 0.2712 0.217, 0.5413 0.267 0.2185, 0.5413 0.2318 0.1777, 0.5413 0.2277 0.1791, 0.0394 -0.4231 0.9449, 0.1575 -0.4231 0.9449, 0.0394 -0.4231 0.937, 0.1575 -0.4231 0.937, 0.0394 -1.9979 0.9449, 0.0394 -1.9979 0.937, 0.1575 -1.9979 0.9449, 0.1575 -1.9979 0.937, -0.6398 -0.0 0.1772, -0.5413 -0.0 0.1772, -0.6398 -0.2559 0.1772, -0.5413 -0.2559 0.1772, -0.6398 -0.2756 0.2953, -0.6398 -0.2362 0.2953, -0.6398 -0.2756 0.1969, -0.6398 -0.2362 0.2362, -0.6398 -0.2251 0.2185, -0.6398 -0.2288 0.2208, -0.6398 -0.2603 0.1777, -0.6398 -0.2644 0.1791, -0.6398 -0.0 0.2165, -0.6398 -0.2165 0.2165, -0.6398 -0.2209 0.217, -0.6398 -0.2357 0.2318, -0.6398 -0.2343 0.2277, -0.6398 -0.2751 0.1925, -0.6398 -0.2319 0.2239, -0.6398 -0.2682 0.1815, -0.6398 -0.2713 0.1846, -0.6398 -0.2736 0.1883, -0.5413 -0.0 0.2165, -0.5413 -0.2165 0.2165, -0.5413 -0.2319 0.2239, -0.5413 -0.2343 0.2277, -0.5413 -0.2756 0.1969, -0.5413 -0.2209 0.217, -0.5413 -0.2251 0.2185, -0.5413 -0.2603 0.1777, -0.5413 -0.2288 0.2208, -0.5413 -0.2644 0.1791, -0.5413 -0.2682 0.1815, -0.5413 -0.2751 0.1925, -0.5413 -0.2736 0.1883, -0.5413 -0.2713 0.1846, -0.5413 -0.2362 0.2953, -0.5413 -0.2756 0.2953, -0.5413 -0.2362 0.2362, -0.5413 -0.2357 0.2318, 0.8366 0.2602 0.2239, 0.8366 0.217 0.1925, 0.8366 0.2579 0.2277, 0.8366 0.2165 0.1969, 0.8366 0.2564 0.2318, 0.8366 0.4921 0.2165, 0.8366 0.4921 0.1772, 0.8366 0.2756 0.2165, 0.8366 0.2362 0.1772, 0.8366 0.2712 0.217, 0.8366 0.267 0.2185, 0.8366 0.2165 0.2953, 0.8366 0.2559 0.2953, 0.8366 0.2559 0.2362, 0.8366 0.2277 0.1791, 0.8366 0.2239 0.1815, 0.8366 0.2633 0.2208, 0.8366 0.2208 0.1846, 0.8366 0.2185 0.1883, 0.8366 0.2318 0.1777, 0.935 0.4921 0.2165, 0.935 0.4921 0.1772, 0.935 0.2602 0.2239, 0.935 0.2579 0.2277, 0.935 0.2165 0.1969, 0.935 0.2362 0.1772, 0.935 0.2756 0.2165, 0.935 0.217 0.1925, 0.935 0.2185 0.1883, 0.935 0.2633 0.2208, 0.935 0.2208 0.1846, 0.935 0.2239 0.1815, 0.935 0.2559 0.2953, 0.935 0.2165 0.2953, 0.935 0.2559 0.2362, 0.935 0.2564 0.2318, 0.935 0.2712 0.217, 0.935 0.267 0.2185, 0.935 0.2318 0.1777, 0.935 0.2277 0.1791, -0.8267 -0.4226 0.9449, -0.8267 -1.9983 0.9449, -0.8267 -0.4226 0.937, -0.8267 -1.9983 0.937, -0.9449 -0.4226 0.9449, -0.9449 -0.4226 0.937, -0.9449 -1.9983 0.9449, -0.9449 -1.9983 0.937, -0.5413 0.4921 0.1772, -0.4429 0.4921 0.1772, -0.5413 0.2362 0.1772, -0.4429 0.2362 0.1772, -0.5413 0.2602 0.2239, -0.5413 0.217 0.1925, -0.5413 0.2579 0.2277, -0.5413 0.2165 0.1969, -0.5413 0.2564 0.2318, -0.5413 0.4921 0.2165, -0.5413 0.2756 0.2165, -0.5413 0.2712 0.217, -0.5413 0.267 0.2185, -0.5413 0.2165 0.2953, -0.5413 0.2559 0.2953, -0.5413 0.2559 0.2362, -0.5413 0.2277 0.1791, -0.5413 0.2239 0.1815, -0.5413 0.2633 0.2208, -0.5413 0.2208 0.1846, -0.5413 0.2185 0.1883, -0.5413 0.2318 0.1777, -0.4429 0.4921 0.2165, -0.4429 0.2602 0.2239, -0.4429 0.2579 0.2277, -0.4429 0.2165 0.1969, -0.4429 0.2756 0.2165, -0.4429 0.217 0.1925, -0.4429 0.2185 0.1883, -0.4429 0.2633 0.2208, -0.4429 0.2208 0.1846, -0.4429 0.2239 0.1815, -0.4429 0.2559 0.2953, -0.4429 0.2165 0.2953, -0.4429 0.2559 0.2362, -0.4429 0.2564 0.2318, -0.4429 0.2712 0.217, -0.4429 0.267 0.2185, -0.4429 0.2318 0.1777, -0.4429 0.2277 0.1791, 0.5413 -0.0 0.1772, 0.6398 -0.0 0.1772, 0.5413 -0.2559 0.1772, 0.6398 -0.2559 0.1772, 0.6398 -0.2756 0.1969, 0.6398 -0.2756 0.2953, 0.5413 -0.2756 0.1969, 0.5413 -0.2756 0.2953, 0.5413 -0.2362 0.2953, 0.5413 -0.2362 0.2362, 0.5413 -0.2251 0.2185, 0.5413 -0.2288 0.2208, 0.5413 -0.2603 0.1777, 0.5413 -0.2644 0.1791, 0.5413 -0.0 0.2165, 0.5413 -0.2165 0.2165, 0.5413 -0.2209 0.217, 0.5413 -0.2357 0.2318, 0.5413 -0.2343 0.2277, 0.5413 -0.2751 0.1925, 0.5413 -0.2319 0.2239, 0.5413 -0.2682 0.1815, 0.5413 -0.2713 0.1846, 0.5413 -0.2736 0.1883, 0.6398 -0.0 0.2165, 0.6398 -0.2165 0.2165, 0.6398 -0.2319 0.2239, 0.6398 -0.2343 0.2277, 0.6398 -0.2209 0.217, 0.6398 -0.2251 0.2185, 0.6398 -0.2603 0.1777, 0.6398 -0.2288 0.2208, 0.6398 -0.2644 0.1791, 0.6398 -0.2682 0.1815, 0.6398 -0.2751 0.1925, 0.6398 -0.2736 0.1883, 0.6398 -0.2713 0.1846, 0.6398 -0.2362 0.2953, 0.6398 -0.2362 0.2362, 0.6398 -0.2357 0.2318, -1.0335 -0.0 0.1772, -0.935 -0.0 0.1772, -1.0335 -0.2559 0.1772, -0.935 -0.2559 0.1772, -1.0335 -0.2756 0.2953, -1.0335 -0.2362 0.2953, -1.0335 -0.2756 0.1969, -1.0335 -0.2362 0.2362, -1.0335 -0.2251 0.2185, -1.0335 -0.2288 0.2208, -1.0335 -0.2603 0.1777, -1.0335 -0.2644 0.1791, -1.0335 -0.0 0.2165, -1.0335 -0.2165 0.2165, -1.0335 -0.2209 0.217, -1.0335 -0.2357 0.2318, -1.0335 -0.2343 0.2277, -1.0335 -0.2751 0.1925, -1.0335 -0.2319 0.2239, -1.0335 -0.2682 0.1815, -1.0335 -0.2713 0.1846, -1.0335 -0.2736 0.1883, -0.935 -0.0 0.2165, -0.935 -0.2165 0.2165, -0.935 -0.2319 0.2239, -0.935 -0.2343 0.2277, -0.935 -0.2756 0.1969, -0.935 -0.2209 0.217, -0.935 -0.2251 0.2185, -0.935 -0.2603 0.1777, -0.935 -0.2288 0.2208, -0.935 -0.2644 0.1791, -0.935 -0.2682 0.1815, -0.935 -0.2751 0.1925, -0.935 -0.2736 0.1883, -0.935 -0.2713 0.1846, -0.935 -0.2362 0.2953, -0.935 -0.2756 0.2953, -0.935 -0.2362 0.2362, -0.935 -0.2357 0.2318, 0.6299 -0.4231 0.9449, 0.748 -0.4231 0.9449, 0.6299 -0.4231 0.937, 0.748 -0.4231 0.937, 0.6299 -1.9979 0.9449, 0.6299 -1.9979 0.937, 0.748 -1.9979 0.9449, 0.748 -1.9979 0.937, 0.748 -1.9979 0.937
            ]
        }
        coordIndex [
            0,1,2,-1,2,1,3,-1,4,5,6,-1,6,5,7,-1,6,7,8,-1,9,0,10,-1,10,0,2,-1,10,2,11,-1,11,2,12,-1,13,14,7,-1,7,14,15,-1,7,15,8,-1,16,17,18,-1,18,17,19,-1,18,19,4,-1,4,19,20,-1,4,20,5,-1,12,2,18,-1,18,2,21,-1,18,21,16,-1,22,1,9,-1,9,1,0,-1,23,24,25,-1,1,22,3,-1,3,22,26,-1,25,27,23,-1,23,27,28,-1,23,28,29,-1,29,28,30,-1,29,30,31,-1,32,33,34,-1,34,33,25,-1,34,25,35,-1,35,25,24,-1,26,36,3,-1,3,36,37,-1,3,37,38,-1,38,37,29,-1,38,29,39,-1,39,29,31,-1,25,33,7,-1,7,33,13,-1,13,33,14,-1,14,33,32,-1,34,15,32,-1,32,15,14,-1,26,10,36,-1,36,10,11,-1,36,11,37,-1,37,11,12,-1,37,12,29,-1,29,12,18,-1,29,18,23,-1,23,18,4,-1,23,4,24,-1,24,4,6,-1,24,6,35,-1,35,6,8,-1,35,8,34,-1,34,8,15,-1,22,9,26,-1,26,9,10,-1,25,7,5,-1,25,5,27,-1,27,5,20,-1,27,20,28,-1,28,20,19,-1,28,19,30,-1,30,19,17,-1,30,17,31,-1,31,17,16,-1,31,16,39,-1,39,16,21,-1,39,21,38,-1,38,21,2,-1,38,2,3,-1,40,41,42,-1,42,41,43,-1,44,40,45,-1,45,40,42,-1,46,44,47,-1,47,44,45,-1,41,46,43,-1,43,46,47,-1,44,46,40,-1,40,46,41,-1,47,45,43,-1,43,45,42,-1,48,49,50,-1,50,49,51,-1,52,53,54,-1,54,53,55,-1,56,50,57,-1,57,50,58,-1,57,58,59,-1,60,48,61,-1,61,48,50,-1,61,50,62,-1,62,50,56,-1,55,63,54,-1,54,63,64,-1,54,64,65,-1,65,64,66,-1,59,67,57,-1,57,67,68,-1,57,68,66,-1,66,68,69,-1,66,69,65,-1,70,49,60,-1,60,49,48,-1,49,70,51,-1,51,70,71,-1,72,73,74,-1,71,75,51,-1,51,75,76,-1,51,76,77,-1,77,76,78,-1,77,78,79,-1,79,78,80,-1,74,81,72,-1,72,81,82,-1,72,82,78,-1,78,82,83,-1,78,83,80,-1,84,85,86,-1,86,85,74,-1,86,74,87,-1,87,74,73,-1,74,85,54,-1,54,85,52,-1,52,85,53,-1,53,85,84,-1,86,55,84,-1,84,55,53,-1,71,61,75,-1,75,61,62,-1,75,62,76,-1,76,62,56,-1,76,56,78,-1,78,56,57,-1,78,57,72,-1,72,57,66,-1,72,66,73,-1,73,66,64,-1,73,64,87,-1,87,64,63,-1,87,63,86,-1,86,63,55,-1,70,60,71,-1,71,60,61,-1,74,54,65,-1,74,65,81,-1,81,65,69,-1,81,69,82,-1,82,69,68,-1,82,68,83,-1,83,68,67,-1,83,67,80,-1,80,67,59,-1,80,59,79,-1,79,59,58,-1,79,58,77,-1,77,58,50,-1,77,50,51,-1,88,89,90,-1,90,89,91,-1,92,93,94,-1,94,93,95,-1,95,96,94,-1,94,96,97,-1,98,90,99,-1,99,90,100,-1,99,100,101,-1,102,88,103,-1,103,88,90,-1,103,90,104,-1,104,90,98,-1,97,105,94,-1,94,105,106,-1,94,106,107,-1,107,106,108,-1,101,109,99,-1,99,109,110,-1,99,110,108,-1,108,110,111,-1,108,111,107,-1,112,89,102,-1,102,89,88,-1,89,112,91,-1,91,112,113,-1,114,115,92,-1,113,116,91,-1,91,116,117,-1,91,117,118,-1,118,117,119,-1,118,119,120,-1,120,119,121,-1,92,122,114,-1,114,122,123,-1,114,123,119,-1,119,123,124,-1,119,124,121,-1,125,93,126,-1,126,93,92,-1,126,92,127,-1,127,92,115,-1,95,93,96,-1,96,93,125,-1,126,97,125,-1,125,97,96,-1,113,103,116,-1,116,103,104,-1,116,104,117,-1,117,104,98,-1,117,98,119,-1,119,98,99,-1,119,99,114,-1,114,99,108,-1,114,108,115,-1,115,108,106,-1,115,106,127,-1,127,106,105,-1,127,105,126,-1,126,105,97,-1,112,102,113,-1,113,102,103,-1,92,94,107,-1,92,107,122,-1,122,107,111,-1,122,111,123,-1,123,111,110,-1,123,110,124,-1,124,110,109,-1,124,109,121,-1,121,109,101,-1,121,101,120,-1,120,101,100,-1,120,100,118,-1,118,100,90,-1,118,90,91,-1,128,129,130,-1,130,129,131,-1,132,128,133,-1,133,128,130,-1,134,132,135,-1,135,132,133,-1,129,134,131,-1,131,134,135,-1,132,134,128,-1,128,134,129,-1,135,133,131,-1,131,133,130,-1,136,137,138,-1,138,137,139,-1,140,141,142,-1,142,141,143,-1,142,143,144,-1,145,136,146,-1,146,136,138,-1,146,138,147,-1,147,138,148,-1,149,150,143,-1,143,150,151,-1,143,151,144,-1,152,153,154,-1,154,153,155,-1,154,155,140,-1,140,155,156,-1,140,156,141,-1,148,138,154,-1,154,138,157,-1,154,157,152,-1,158,137,145,-1,145,137,136,-1,159,160,161,-1,137,158,139,-1,139,158,162,-1,161,163,159,-1,159,163,164,-1,159,164,165,-1,165,164,166,-1,165,166,167,-1,168,169,170,-1,170,169,161,-1,170,161,171,-1,171,161,160,-1,162,172,139,-1,139,172,173,-1,139,173,174,-1,174,173,165,-1,174,165,175,-1,175,165,167,-1,161,169,143,-1,143,169,149,-1,149,169,150,-1,150,169,168,-1,170,151,168,-1,168,151,150,-1,162,146,172,-1,172,146,147,-1,172,147,173,-1,173,147,148,-1,173,148,165,-1,165,148,154,-1,165,154,159,-1,159,154,140,-1,159,140,160,-1,160,140,142,-1,160,142,171,-1,171,142,144,-1,171,144,170,-1,170,144,151,-1,158,145,162,-1,162,145,146,-1,161,143,141,-1,161,141,163,-1,163,141,156,-1,163,156,164,-1,164,156,155,-1,164,155,166,-1,166,155,153,-1,166,153,167,-1,167,153,152,-1,167,152,175,-1,175,152,157,-1,175,157,174,-1,174,157,138,-1,174,138,139,-1,176,177,178,-1,178,177,179,-1,180,176,181,-1,181,176,178,-1,182,180,183,-1,183,180,181,-1,177,182,179,-1,179,182,183,-1,180,182,176,-1,176,182,177,-1,183,181,179,-1,179,181,178,-1,184,185,186,-1,186,185,187,-1,188,189,190,-1,190,189,191,-1,192,193,194,-1,194,193,190,-1,194,190,195,-1,196,184,197,-1,197,184,186,-1,197,186,198,-1,198,186,199,-1,191,200,190,-1,190,200,201,-1,190,201,195,-1,202,203,204,-1,204,203,205,-1,204,205,192,-1,192,205,206,-1,192,206,193,-1,199,186,204,-1,204,186,207,-1,204,207,202,-1,208,185,196,-1,196,185,184,-1,209,210,188,-1,185,208,187,-1,187,208,211,-1,188,212,209,-1,209,212,213,-1,209,213,214,-1,214,213,215,-1,214,215,216,-1,217,189,218,-1,218,189,188,-1,218,188,219,-1,219,188,210,-1,211,220,187,-1,187,220,221,-1,187,221,222,-1,222,221,214,-1,222,214,223,-1,223,214,216,-1,191,189,200,-1,200,189,217,-1,218,201,217,-1,217,201,200,-1,211,197,220,-1,220,197,198,-1,220,198,221,-1,221,198,199,-1,221,199,214,-1,214,199,204,-1,214,204,209,-1,209,204,192,-1,209,192,210,-1,210,192,194,-1,210,194,219,-1,219,194,195,-1,219,195,218,-1,218,195,201,-1,208,196,211,-1,211,196,197,-1,188,190,193,-1,188,193,212,-1,212,193,206,-1,212,206,213,-1,213,206,205,-1,213,205,215,-1,215,205,203,-1,215,203,216,-1,216,203,202,-1,216,202,223,-1,223,202,207,-1,223,207,222,-1,222,207,186,-1,222,186,187,-1,224,225,226,-1,226,225,227,-1,228,229,230,-1,230,229,231,-1,230,231,232,-1,233,224,234,-1,234,224,226,-1,234,226,235,-1,235,226,236,-1,237,238,231,-1,231,238,239,-1,231,239,232,-1,240,241,242,-1,242,241,243,-1,242,243,228,-1,228,243,244,-1,228,244,229,-1,236,226,242,-1,242,226,245,-1,242,245,240,-1,246,225,233,-1,233,225,224,-1,247,248,249,-1,225,246,227,-1,227,246,250,-1,249,251,247,-1,247,251,252,-1,247,252,253,-1,253,252,254,-1,253,254,255,-1,256,257,258,-1,258,257,249,-1,258,249,259,-1,259,249,248,-1,250,260,227,-1,227,260,261,-1,227,261,262,-1,262,261,253,-1,262,253,263,-1,263,253,255,-1,249,257,231,-1,231,257,237,-1,237,257,238,-1,238,257,256,-1,258,239,256,-1,256,239,238,-1,250,234,260,-1,260,234,235,-1,260,235,261,-1,261,235,236,-1,261,236,253,-1,253,236,242,-1,253,242,247,-1,247,242,228,-1,247,228,248,-1,248,228,230,-1,248,230,259,-1,259,230,232,-1,259,232,258,-1,258,232,239,-1,246,233,250,-1,250,233,234,-1,249,231,229,-1,249,229,251,-1,251,229,244,-1,251,244,252,-1,252,244,243,-1,252,243,254,-1,254,243,241,-1,254,241,255,-1,255,241,240,-1,255,240,263,-1,263,240,245,-1,263,245,262,-1,262,245,226,-1,262,226,227,-1,264,265,266,-1,266,265,267,-1,268,264,269,-1,269,264,266,-1,270,268,271,-1,271,268,269,-1,265,270,267,-1,267,270,271,-1,268,270,264,-1,264,270,265,-1,271,269,267,-1,267,269,266,-1,272,273,274,-1,274,273,275,-1,276,277,278,-1,278,277,279,-1,278,279,280,-1,281,272,282,-1,282,272,274,-1,282,274,283,-1,283,274,284,-1,285,286,279,-1,279,286,287,-1,279,287,280,-1,288,289,290,-1,290,289,291,-1,290,291,276,-1,276,291,292,-1,276,292,277,-1,284,274,290,-1,290,274,293,-1,290,293,288,-1,294,273,281,-1,281,273,272,-1,295,296,297,-1,273,294,275,-1,275,294,298,-1,297,299,295,-1,295,299,300,-1,295,300,301,-1,301,300,302,-1,301,302,303,-1,304,305,306,-1,306,305,297,-1,306,297,307,-1,307,297,296,-1,298,308,275,-1,275,308,309,-1,275,309,310,-1,310,309,301,-1,310,301,311,-1,311,301,303,-1,297,305,279,-1,279,305,285,-1,285,305,286,-1,286,305,304,-1,306,287,304,-1,304,287,286,-1,298,282,308,-1,308,282,283,-1,308,283,309,-1,309,283,284,-1,309,284,301,-1,301,284,290,-1,301,290,295,-1,295,290,276,-1,295,276,296,-1,296,276,278,-1,296,278,307,-1,307,278,280,-1,307,280,306,-1,306,280,287,-1,294,281,298,-1,298,281,282,-1,297,279,277,-1,297,277,299,-1,299,277,292,-1,299,292,300,-1,300,292,291,-1,300,291,302,-1,302,291,289,-1,302,289,303,-1,303,289,288,-1,303,288,311,-1,311,288,293,-1,311,293,310,-1,310,293,274,-1,310,274,275,-1,312,313,314,-1,314,313,315,-1,314,315,316,-1,317,318,319,-1,319,318,320,-1,319,320,321,-1,321,320,322,-1,323,324,315,-1,315,324,325,-1,315,325,316,-1,326,327,328,-1,328,327,329,-1,328,329,312,-1,312,329,330,-1,312,330,313,-1,322,320,328,-1,328,320,331,-1,328,331,326,-1,332,333,317,-1,317,333,318,-1,334,335,336,-1,333,332,337,-1,337,332,338,-1,336,339,334,-1,334,339,340,-1,334,340,341,-1,341,340,342,-1,341,342,343,-1,344,345,346,-1,346,345,336,-1,346,336,347,-1,347,336,335,-1,338,348,337,-1,337,348,349,-1,337,349,350,-1,350,349,341,-1,350,341,351,-1,351,341,343,-1,336,345,315,-1,315,345,323,-1,318,333,320,-1,320,333,337,-1,324,323,344,-1,344,323,345,-1,346,325,344,-1,344,325,324,-1,338,319,348,-1,348,319,321,-1,348,321,349,-1,349,321,322,-1,349,322,341,-1,341,322,328,-1,341,328,334,-1,334,328,312,-1,334,312,335,-1,335,312,314,-1,335,314,347,-1,347,314,316,-1,347,316,346,-1,346,316,325,-1,332,317,338,-1,338,317,319,-1,336,315,313,-1,336,313,339,-1,339,313,330,-1,339,330,340,-1,340,330,329,-1,340,329,342,-1,342,329,327,-1,342,327,343,-1,343,327,326,-1,343,326,351,-1,351,326,331,-1,351,331,350,-1,350,331,320,-1,350,320,337,-1,352,353,354,-1,354,353,355,-1,356,352,357,-1,357,352,354,-1,358,356,359,-1,359,356,357,-1,353,358,355,-1,355,358,359,-1,356,358,352,-1,352,358,353,-1,359,357,355,-1,355,357,354,-1,360,361,362,-1,362,361,363,-1,364,365,366,-1,366,365,367,-1,368,362,369,-1,369,362,370,-1,369,370,371,-1,372,360,373,-1,373,360,362,-1,373,362,374,-1,374,362,368,-1,367,375,366,-1,366,375,376,-1,366,376,377,-1,377,376,378,-1,371,379,369,-1,369,379,380,-1,369,380,378,-1,378,380,381,-1,378,381,377,-1,382,361,372,-1,372,361,360,-1,361,382,363,-1,363,382,383,-1,384,385,386,-1,383,387,363,-1,363,387,388,-1,363,388,389,-1,389,388,390,-1,389,390,391,-1,391,390,392,-1,386,393,384,-1,384,393,394,-1,384,394,390,-1,390,394,395,-1,390,395,392,-1,396,397,398,-1,398,397,386,-1,398,386,399,-1,399,386,385,-1,386,397,366,-1,366,397,364,-1,364,397,365,-1,365,397,396,-1,398,367,396,-1,396,367,365,-1,383,373,387,-1,387,373,374,-1,387,374,388,-1,388,374,368,-1,388,368,390,-1,390,368,369,-1,390,369,384,-1,384,369,378,-1,384,378,385,-1,385,378,376,-1,385,376,399,-1,399,376,375,-1,399,375,398,-1,398,375,367,-1,382,372,383,-1,383,372,373,-1,386,366,377,-1,386,377,393,-1,393,377,381,-1,393,381,394,-1,394,381,380,-1,394,380,395,-1,395,380,379,-1,395,379,392,-1,392,379,371,-1,392,371,391,-1,391,371,370,-1,391,370,389,-1,389,370,362,-1,389,362,363,-1,400,401,402,-1,402,401,403,-1,402,403,404,-1,405,406,407,-1,407,406,408,-1,407,408,409,-1,409,408,410,-1,411,412,403,-1,403,412,413,-1,403,413,404,-1,414,415,416,-1,416,415,417,-1,416,417,400,-1,400,417,418,-1,400,418,401,-1,410,408,416,-1,416,408,419,-1,416,419,414,-1,420,421,405,-1,405,421,406,-1,422,423,424,-1,421,420,425,-1,425,420,426,-1,424,427,422,-1,422,427,428,-1,422,428,429,-1,429,428,430,-1,429,430,431,-1,432,433,434,-1,434,433,424,-1,434,424,435,-1,435,424,423,-1,426,436,425,-1,425,436,437,-1,425,437,438,-1,438,437,429,-1,438,429,439,-1,439,429,431,-1,424,433,403,-1,403,433,411,-1,406,421,408,-1,408,421,425,-1,412,411,432,-1,432,411,433,-1,434,413,432,-1,432,413,412,-1,426,407,436,-1,436,407,409,-1,436,409,437,-1,437,409,410,-1,437,410,429,-1,429,410,416,-1,429,416,422,-1,422,416,400,-1,422,400,423,-1,423,400,402,-1,423,402,435,-1,435,402,404,-1,435,404,434,-1,434,404,413,-1,420,405,426,-1,426,405,407,-1,424,403,401,-1,424,401,427,-1,427,401,418,-1,427,418,428,-1,428,418,417,-1,428,417,430,-1,430,417,415,-1,430,415,431,-1,431,415,414,-1,431,414,439,-1,439,414,419,-1,439,419,438,-1,438,419,408,-1,438,408,425,-1,440,441,442,-1,442,441,443,-1,444,440,445,-1,445,440,442,-1,446,444,447,-1,447,444,445,-1,441,446,443,-1,443,446,447,-1,444,446,440,-1,440,446,441,-1,447,445,443,-1,443,445,442,-1,448,449,450,-1,450,449,451,-1,452,453,454,-1,454,453,455,-1,454,455,456,-1,457,448,458,-1,458,448,450,-1,458,450,459,-1,459,450,460,-1,461,462,455,-1,455,462,463,-1,455,463,456,-1,464,465,466,-1,466,465,467,-1,466,467,452,-1,452,467,468,-1,452,468,453,-1,460,450,466,-1,466,450,469,-1,466,469,464,-1,470,449,457,-1,457,449,448,-1,471,472,473,-1,449,470,451,-1,451,470,474,-1,473,475,471,-1,471,475,476,-1,471,476,477,-1,477,476,478,-1,477,478,479,-1,480,481,482,-1,482,481,473,-1,482,473,483,-1,483,473,472,-1,474,484,451,-1,451,484,485,-1,451,485,486,-1,486,485,477,-1,486,477,487,-1,487,477,479,-1,473,481,455,-1,455,481,461,-1,461,481,462,-1,462,481,480,-1,482,463,480,-1,480,463,462,-1,474,458,484,-1,484,458,459,-1,484,459,485,-1,485,459,460,-1,485,460,477,-1,477,460,466,-1,477,466,471,-1,471,466,452,-1,471,452,472,-1,472,452,454,-1,472,454,483,-1,483,454,456,-1,483,456,482,-1,482,456,463,-1,470,457,474,-1,474,457,458,-1,473,455,453,-1,473,453,475,-1,475,453,468,-1,475,468,476,-1,476,468,467,-1,476,467,478,-1,478,467,465,-1,478,465,479,-1,479,465,464,-1,479,464,487,-1,487,464,469,-1,487,469,486,-1,486,469,450,-1,486,450,451,-1,488,489,490,-1,490,489,491,-1,492,493,494,-1,494,493,495,-1,495,496,494,-1,494,496,497,-1,498,490,499,-1,499,490,500,-1,499,500,501,-1,502,488,503,-1,503,488,490,-1,503,490,504,-1,504,490,498,-1,497,505,494,-1,494,505,506,-1,494,506,507,-1,507,506,508,-1,501,509,499,-1,499,509,510,-1,499,510,508,-1,508,510,511,-1,508,511,507,-1,512,489,502,-1,502,489,488,-1,489,512,491,-1,491,512,513,-1,514,515,492,-1,513,516,491,-1,491,516,517,-1,491,517,518,-1,518,517,519,-1,518,519,520,-1,520,519,521,-1,492,522,514,-1,514,522,523,-1,514,523,519,-1,519,523,524,-1,519,524,521,-1,525,493,526,-1,526,493,492,-1,526,492,527,-1,527,492,515,-1,495,493,496,-1,496,493,525,-1,526,497,525,-1,525,497,496,-1,513,503,516,-1,516,503,504,-1,516,504,517,-1,517,504,498,-1,517,498,519,-1,519,498,499,-1,519,499,514,-1,514,499,508,-1,514,508,515,-1,515,508,506,-1,515,506,527,-1,527,506,505,-1,527,505,526,-1,526,505,497,-1,512,502,513,-1,513,502,503,-1,492,494,507,-1,492,507,522,-1,522,507,511,-1,522,511,523,-1,523,511,510,-1,523,510,524,-1,524,510,509,-1,524,509,521,-1,521,509,501,-1,521,501,520,-1,520,501,500,-1,520,500,518,-1,518,500,490,-1,518,490,491,-1,528,529,530,-1,530,529,531,-1,532,533,534,-1,534,533,535,-1,536,530,537,-1,537,530,538,-1,537,538,539,-1,540,528,541,-1,541,528,530,-1,541,530,542,-1,542,530,536,-1,535,543,534,-1,534,543,544,-1,534,544,545,-1,545,544,546,-1,539,547,537,-1,537,547,548,-1,537,548,546,-1,546,548,549,-1,546,549,545,-1,550,529,540,-1,540,529,528,-1,529,550,531,-1,531,550,551,-1,552,553,554,-1,551,555,531,-1,531,555,556,-1,531,556,557,-1,557,556,558,-1,557,558,559,-1,559,558,560,-1,554,561,552,-1,552,561,562,-1,552,562,558,-1,558,562,563,-1,558,563,560,-1,564,565,566,-1,566,565,554,-1,566,554,567,-1,567,554,553,-1,554,565,534,-1,534,565,532,-1,532,565,533,-1,533,565,564,-1,566,535,564,-1,564,535,533,-1,551,541,555,-1,555,541,542,-1,555,542,556,-1,556,542,536,-1,556,536,558,-1,558,536,537,-1,558,537,552,-1,552,537,546,-1,552,546,553,-1,553,546,544,-1,553,544,567,-1,567,544,543,-1,567,543,566,-1,566,543,535,-1,550,540,551,-1,551,540,541,-1,554,534,545,-1,554,545,561,-1,561,545,549,-1,561,549,562,-1,562,549,548,-1,562,548,563,-1,563,548,547,-1,563,547,560,-1,560,547,539,-1,560,539,559,-1,559,539,538,-1,559,538,557,-1,557,538,530,-1,557,530,531,-1,568,569,570,-1,570,569,571,-1,572,568,573,-1,573,568,570,-1,574,572,575,-1,575,572,573,-1,569,574,571,-1,571,574,575,-1,572,574,568,-1,568,574,569,-1,575,573,571,-1,571,573,570,-1,
        ]
    }
}
Shape{
    appearance Appearance {
        material  Material 	{
            diffuseColor 0.07058823529411765 0.07058823529411765 0.07058823529411765
            specularColor 0.00392156862745098 0.00392156862745098 0.00392156862745098
            ambientIntensity 0.2
            transparency 0
            shininess 0.5
        }
    }
    geometry IndexedFaceSet {
        ccw TRUE
        solid FALSE
        coord DEF co Coordinate {
            point [
                -1.7598 0.9547 0.8071, 1.7598 0.9547 0.8071, -1.7598 0.9547 0.4921, 1.7598 0.9547 0.4921, 1.7598 0.9547 0.4921
            ]
        }
        coordIndex [
            0,1,2,-1,2,1,3,-1,
        ]
    }
}
Shape{
    appearance Appearance {
        material  Material 	{
            diffuseColor 0.8313725490196079 0.6705882352941176 0.12941176470588237
            specularColor 0.6666666666666666 0.5372549019607843 0.10196078431372549
            ambientIntensity 0.2
            transparency 0
            shininess 0.5
        }
    }
    geometry IndexedFaceSet {
        ccw TRUE
        solid FALSE
        coord DEF co Coordinate {
            point [
                0.8268 -1.9979 0.6535, 0.8268 -1.9979 0.6614, 0.8268 -0.5335 0.6535, 0.8268 -0.5335 0.6614, 0.9449 -1.9979 0.6614, 0.9449 -1.9979 0.6535, 0.9449 -0.5335 0.6614, 0.9449 -0.5335 0.6535, -0.8267 -1.9983 0.6614, -0.8267 -1.9983 0.6535, -0.8267 -0.5335 0.6614, -0.8267 -0.5335 0.6535, -0.9449 -1.9983 0.6535, -0.9449 -1.9983 0.6614, -0.9449 -0.5335 0.6535, -0.9449 -0.5335 0.6614, 0.0394 -1.9979 0.6535, 0.0394 -1.9979 0.6614, 0.0394 -0.5335 0.6535, 0.0394 -0.5335 0.6614, 0.1575 -1.9979 0.6614, 0.1575 -1.9979 0.6535, 0.1575 -0.5335 0.6614, 0.1575 -0.5335 0.6535, -0.6299 -1.9979 0.6614, -0.6299 -1.9979 0.6535, -0.6299 -0.5335 0.6614, -0.6299 -0.5335 0.6535, -0.748 -1.9979 0.6535, -0.748 -1.9979 0.6614, -0.748 -0.5335 0.6535, -0.748 -0.5335 0.6614, -0.0394 -1.9979 0.6614, -0.0394 -1.9979 0.6535, -0.0394 -0.5335 0.6614, -0.0394 -0.5335 0.6535, -0.1575 -1.9979 0.6535, -0.1575 -1.9979 0.6614, -0.1575 -0.5335 0.6535, -0.1575 -0.5335 0.6614, -0.2362 -1.9979 0.6614, -0.2362 -1.9979 0.6535, -0.2362 -0.5335 0.6614, -0.2362 -0.5335 0.6535, -0.3543 -1.9979 0.6535, -0.3543 -1.9979 0.6614, -0.3543 -0.5335 0.6535, -0.3543 -0.5335 0.6614, 0.2362 -1.9979 0.6535, 0.2362 -1.9979 0.6614, 0.2362 -0.5335 0.6535, 0.2362 -0.5335 0.6614, 0.3543 -1.9979 0.6614, 0.3543 -1.9979 0.6535, 0.3543 -0.5335 0.6614, 0.3543 -0.5335 0.6535, 0.6299 -1.9979 0.6535, 0.6299 -1.9979 0.6614, 0.6299 -0.5335 0.6535, 0.6299 -0.5335 0.6614, 0.748 -1.9979 0.6614, 0.748 -1.9979 0.6535, 0.748 -0.5335 0.6614, 0.748 -0.5335 0.6535, 0.748 -0.5335 0.6535
            ]
        }
        coordIndex [
            0,1,2,-1,2,1,3,-1,4,5,6,-1,6,5,7,-1,7,5,2,-1,2,5,0,-1,8,9,10,-1,10,9,11,-1,12,13,14,-1,14,13,15,-1,11,9,14,-1,14,9,12,-1,16,17,18,-1,18,17,19,-1,20,21,22,-1,22,21,23,-1,23,21,18,-1,18,21,16,-1,24,25,26,-1,26,25,27,-1,28,29,30,-1,30,29,31,-1,25,28,27,-1,27,28,30,-1,32,33,34,-1,34,33,35,-1,36,37,38,-1,38,37,39,-1,33,36,35,-1,35,36,38,-1,40,41,42,-1,42,41,43,-1,44,45,46,-1,46,45,47,-1,41,44,43,-1,43,44,46,-1,48,49,50,-1,50,49,51,-1,52,53,54,-1,54,53,55,-1,55,53,50,-1,50,53,48,-1,56,57,58,-1,58,57,59,-1,60,61,62,-1,62,61,63,-1,63,61,58,-1,58,61,56,-1,
        ]
    }
}
Shape{
    appearance Appearance {
        material  Material 	{
            diffuseColor 0.07058823529411765 0.07058823529411765 0.07058823529411765
            specularColor 0.00392156862745098 0.00392156862745098 0.00392156862745098
            ambientIntensity 0.2
            transparency 0
            shininess 0.5
        }
    }
    geometry IndexedFaceSet {
        ccw TRUE
        solid FALSE
        coord DEF co Coordinate {
            point [
                -0.9449 -1.9983 0.6614, -0.8267 -1.9983 0.6614, -1.0236 -2.1947 0.6614, -0.5512 -2.1947 0.6614, -0.9449 -0.5335 0.6614, -1.0236 -0.6199 0.6614, -1.2776 -0.5335 0.6614, -1.1417 -0.6199 0.6614, -1.2776 -2.204 0.6614, -1.1417 -2.1947 0.6614, -1.223 -2.2986 0.6614, 1.223 -2.2986 0.6614, -0.4331 -2.1947 0.6614, -0.8267 -0.5335 0.6614, -0.748 -0.5335 0.6614, -0.748 -1.9979 0.6614, -0.6299 -1.9979 0.6614, -0.5512 -0.6199 0.6614, -0.6299 -0.5335 0.6614, -0.4331 -0.6199 0.6614, -0.3543 -0.5335 0.6614, -0.3543 -1.9979 0.6614, -0.0394 -1.9979 0.6614, -0.0394 -0.5335 0.6614, 0.0394 -0.5335 0.6614, 1.0236 -2.1947 0.6614, 1.1417 -2.1947 0.6614, 0.0394 -1.9979 0.6614, 0.1575 -1.9979 0.6614, 0.4331 -2.1947 0.6614, -0.1575 -1.9979 0.6614, -0.2362 -1.9979 0.6614, -0.1575 -0.5335 0.6614, -0.2362 -0.5335 0.6614, 0.748 -1.9979 0.6614, 0.5512 -2.1947 0.6614, 0.748 -0.5335 0.6614, 0.8268 -0.5335 0.6614, 0.8268 -1.9979 0.6614, 0.9449 -1.9979 0.6614, 1.0236 -0.6199 0.6614, 0.9449 -0.5335 0.6614, 1.1417 -0.6199 0.6614, 1.2776 -0.5335 0.6614, 1.2776 -2.204 0.6614, 0.1575 -0.5335 0.6614, 0.2362 -0.5335 0.6614, 0.2362 -1.9979 0.6614, 0.3543 -1.9979 0.6614, 0.4331 -0.6199 0.6614, 0.3543 -0.5335 0.6614, 0.5512 -0.6199 0.6614, 0.6299 -0.5335 0.6614, 0.6299 -1.9979 0.6614, 1.3169 -0.5335 0.8071, -1.3169 -0.5335 0.8071, -1.3169 -0.5335 0.8976, -1.3021 -0.5335 0.9284, -1.2946 -0.5335 0.9331, -1.2863 -0.5335 0.936, 1.3169 -0.5335 0.8976, -1.2776 -0.5335 0.937, 1.2776 -0.5335 0.937, -1.3159 -0.5335 0.9064, -1.313 -0.5335 0.9147, -1.3083 -0.5335 0.9222, 1.2863 -0.5335 0.936, 1.2946 -0.5335 0.9331, 1.3021 -0.5335 0.9284, 1.3083 -0.5335 0.9222, 1.313 -0.5335 0.9147, 1.3159 -0.5335 0.9064, 1.3169 -2.1358 0.8976, 1.3169 -2.1358 0.7008, 1.3169 -0.5335 0.7008, 1.2863 -0.5335 0.6624, 1.2861 -2.1892 0.6634, 1.2946 -0.5335 0.6653, 1.2946 -2.1744 0.6653, 1.3021 -0.5335 0.67, 1.3021 -2.1615 0.67, 1.3083 -0.5335 0.6762, 1.3083 -2.1507 0.6762, 1.313 -0.5335 0.6837, 1.313 -2.1426 0.6837, 1.3159 -0.5335 0.692, 1.3167 -2.1363 0.6964, 1.3159 -2.1375 0.692, 1.3147 -2.1397 0.6878, -1.313 -2.1426 0.6837, -1.3147 -2.1397 0.6878, -1.3159 -0.5335 0.692, -1.3159 -2.1375 0.692, -1.3169 -0.5335 0.7008, -1.3167 -2.1363 0.6964, -1.3169 -2.1358 0.7008, -1.313 -0.5335 0.6837, -1.3083 -0.5335 0.6762, -1.3083 -2.1507 0.6762, -1.3021 -0.5335 0.67, -1.3021 -2.1615 0.67, -1.2946 -0.5335 0.6653, -1.2946 -2.1744 0.6653, -1.2863 -0.5335 0.6624, -1.2861 -2.1892 0.6634, -1.3169 -2.1358 0.8976, -1.2776 -2.204 0.937, -1.2861 -2.1892 0.9351, -1.2946 -2.1744 0.9331, -1.3021 -2.1615 0.9284, -1.3083 -2.1507 0.9222, -1.313 -2.1426 0.9147, -1.3167 -2.1363 0.902, -1.3159 -2.1375 0.9064, -1.3147 -2.1397 0.9106, 1.2776 -2.204 0.937, 1.223 -2.2986 0.937, -1.223 -2.2986 0.937, 1.313 -2.1426 0.9147, 1.3147 -2.1397 0.9106, 1.3159 -2.1375 0.9064, 1.3167 -2.1363 0.902, 1.3083 -2.1507 0.9222, 1.3021 -2.1615 0.9284, 1.2946 -2.1744 0.9331, 1.2861 -2.1892 0.9351, 1.2033 -2.3327 0.7205, 1.2033 -2.3327 0.878, -1.2033 -2.3327 0.7205, -1.2033 -2.3327 0.878, -1.2033 -2.3327 0.878
            ]
        }
        coordIndex [
            0,1,2,-1,2,1,3,-1,0,2,4,-1,4,2,5,-1,4,5,6,-1,6,5,7,-1,6,7,8,-1,8,7,9,-1,8,9,10,-1,10,9,2,-1,10,2,11,-1,11,2,3,-1,11,3,12,-1,13,14,1,-1,1,14,15,-1,1,15,3,-1,3,15,16,-1,3,16,17,-1,17,16,18,-1,17,18,19,-1,19,18,20,-1,19,20,12,-1,12,20,21,-1,22,23,24,-1,25,26,11,-1,27,28,29,-1,24,27,22,-1,22,27,29,-1,22,29,30,-1,30,29,31,-1,30,31,32,-1,32,31,33,-1,34,25,35,-1,35,25,11,-1,35,11,29,-1,29,11,12,-1,29,12,31,-1,31,12,21,-1,36,37,34,-1,34,37,38,-1,34,38,25,-1,25,38,39,-1,25,39,40,-1,40,39,41,-1,40,41,42,-1,42,41,43,-1,42,43,26,-1,26,43,44,-1,26,44,11,-1,45,46,28,-1,28,46,47,-1,28,47,29,-1,29,47,48,-1,29,48,49,-1,49,48,50,-1,49,50,51,-1,51,50,52,-1,51,52,35,-1,35,52,53,-1,35,53,34,-1,54,55,56,-1,57,58,59,-1,54,56,60,-1,60,56,61,-1,60,61,62,-1,56,63,61,-1,61,63,64,-1,61,64,59,-1,59,64,65,-1,59,65,57,-1,62,66,60,-1,60,66,67,-1,60,67,68,-1,68,69,60,-1,60,69,70,-1,60,70,71,-1,60,72,54,-1,54,72,73,-1,54,73,74,-1,44,43,75,-1,44,75,76,-1,76,75,77,-1,76,77,78,-1,78,77,79,-1,78,79,80,-1,80,79,81,-1,80,81,82,-1,82,81,83,-1,82,83,84,-1,85,74,73,-1,73,86,85,-1,85,86,87,-1,85,87,83,-1,83,87,88,-1,83,88,84,-1,89,90,91,-1,91,90,92,-1,91,92,93,-1,93,92,94,-1,93,94,95,-1,91,96,89,-1,89,96,97,-1,89,97,98,-1,98,97,99,-1,98,99,100,-1,100,99,101,-1,100,101,102,-1,102,101,103,-1,102,103,104,-1,104,103,6,-1,104,6,8,-1,93,95,55,-1,55,95,105,-1,55,105,56,-1,106,61,59,-1,106,59,107,-1,107,59,58,-1,107,58,108,-1,108,58,57,-1,108,57,109,-1,109,57,65,-1,109,65,110,-1,110,65,64,-1,110,64,111,-1,63,56,105,-1,105,112,63,-1,63,112,113,-1,63,113,64,-1,64,113,114,-1,64,114,111,-1,62,61,115,-1,115,61,106,-1,115,106,116,-1,116,106,117,-1,118,119,71,-1,71,119,120,-1,71,120,60,-1,60,120,121,-1,60,121,72,-1,71,70,118,-1,118,70,69,-1,118,69,122,-1,122,69,68,-1,122,68,123,-1,123,68,67,-1,123,67,124,-1,124,67,66,-1,124,66,125,-1,125,66,62,-1,125,62,115,-1,126,127,128,-1,128,127,129,-1,
        ]
    }
}
Shape{
    appearance Appearance {
        material  Material 	{
            diffuseColor 0.8313725490196079 0.6705882352941176 0.12941176470588237
            specularColor 0.6666666666666666 0.5372549019607843 0.10196078431372549
            ambientIntensity 0.2
            transparency 0
            shininess 0.5
        }
    }
    geometry IndexedFaceSet {
        ccw TRUE
        solid FALSE
        coord DEF co Coordinate {
            point [
                0.8268 -1.9979 0.6535, 0.9449 -1.9979 0.6535, 0.8268 -1.9979 0.6614, 0.9449 -1.9979 0.6614, -1.0236 -2.1947 0.6535, -1.0236 -0.6199 0.6535, -1.0236 -2.1947 0.6614, -1.0236 -0.6199 0.6614, -1.1417 -0.6199 0.6535, -1.1417 -0.6199 0.6614, -1.1417 -2.1947 0.6535, -1.1417 -2.1947 0.6614, -0.5512 -2.1947 0.6535, -0.4331 -2.1947 0.6535, -0.5512 -2.1947 0.6614, -0.4331 -2.1947 0.6614, -0.4331 -0.6199 0.6535, -0.4331 -0.6199 0.6614, -0.5512 -0.6199 0.6535, -0.5512 -0.6199 0.6614, -0.9449 -1.9983 0.6535, -0.8267 -1.9983 0.6535, -0.9449 -1.9983 0.6614, -0.8267 -1.9983 0.6614, 1.0236 -2.1947 0.6535, 1.1417 -2.1947 0.6535, 1.0236 -2.1947 0.6614, 1.1417 -2.1947 0.6614, 1.1417 -0.6199 0.6535, 1.1417 -0.6199 0.6614, 1.0236 -0.6199 0.6535, 1.0236 -0.6199 0.6614, 0.4331 -2.1947 0.6535, 0.5512 -2.1947 0.6535, 0.4331 -2.1947 0.6614, 0.5512 -2.1947 0.6614, 0.5512 -0.6199 0.6535, 0.5512 -0.6199 0.6614, 0.4331 -0.6199 0.6535, 0.4331 -0.6199 0.6614, 0.0394 -1.9979 0.6535, 0.1575 -1.9979 0.6535, 0.0394 -1.9979 0.6614, 0.1575 -1.9979 0.6614, -0.748 -1.9979 0.6535, -0.6299 -1.9979 0.6535, -0.748 -1.9979 0.6614, -0.6299 -1.9979 0.6614, -0.1575 -1.9979 0.6535, -0.0394 -1.9979 0.6535, -0.1575 -1.9979 0.6614, -0.0394 -1.9979 0.6614, -0.3543 -1.9979 0.6535, -0.2362 -1.9979 0.6535, -0.3543 -1.9979 0.6614, -0.2362 -1.9979 0.6614, 0.2362 -1.9979 0.6535, 0.3543 -1.9979 0.6535, 0.2362 -1.9979 0.6614, 0.3543 -1.9979 0.6614, 0.6299 -1.9979 0.6535, 0.748 -1.9979 0.6535, 0.6299 -1.9979 0.6614, 0.748 -1.9979 0.6614, 0.748 -1.9979 0.6614
            ]
        }
        coordIndex [
            0,1,2,-1,2,1,3,-1,4,5,6,-1,6,5,7,-1,5,8,7,-1,7,8,9,-1,8,10,9,-1,9,10,11,-1,10,4,11,-1,11,4,6,-1,10,8,4,-1,4,8,5,-1,12,13,14,-1,14,13,15,-1,13,16,15,-1,15,16,17,-1,16,18,17,-1,17,18,19,-1,18,12,19,-1,19,12,14,-1,18,16,12,-1,12,16,13,-1,20,21,22,-1,22,21,23,-1,24,25,26,-1,26,25,27,-1,25,28,27,-1,27,28,29,-1,28,30,29,-1,29,30,31,-1,30,24,31,-1,31,24,26,-1,30,28,24,-1,24,28,25,-1,32,33,34,-1,34,33,35,-1,33,36,35,-1,35,36,37,-1,36,38,37,-1,37,38,39,-1,38,32,39,-1,39,32,34,-1,38,36,32,-1,32,36,33,-1,40,41,42,-1,42,41,43,-1,44,45,46,-1,46,45,47,-1,48,49,50,-1,50,49,51,-1,52,53,54,-1,54,53,55,-1,56,57,58,-1,58,57,59,-1,60,61,62,-1,62,61,63,-1,
        ]
    }
}
Shape{
    appearance Appearance {
        material  Material 	{
            diffuseColor 0.07058823529411765 0.07058823529411765 0.07058823529411765
            specularColor 0.00392156862745098 0.00392156862745098 0.00392156862745098
            ambientIntensity 0.2
            transparency 0
            shininess 0.5
        }
    }
    geometry IndexedFaceSet {
        ccw TRUE
        solid FALSE
        coord DEF co Coordinate {
            point [
                -1.3169 -0.5335 0.7008, -1.3169 -0.5335 0.8071, -1.7598 -0.5335 0.8071, 0.8268 -0.5335 0.6535, 0.8268 -0.5335 0.6614, 0.748 -0.5335 0.6614, -1.7598 -0.5335 0.2953, 1.7598 -0.5335 0.2953, 0.6299 -0.5335 0.6535, 0.748 -0.5335 0.6535, 1.2863 -0.5335 0.6624, 1.2776 -0.5335 0.6614, 0.2362 -0.5335 0.6535, 0.2362 -0.5335 0.6614, 0.1575 -0.5335 0.6614, 1.3169 -0.5335 0.8071, 1.3169 -0.5335 0.7008, 1.7598 -0.5335 0.8071, 1.3159 -0.5335 0.692, 1.313 -0.5335 0.6837, 1.3083 -0.5335 0.6762, 1.3021 -0.5335 0.67, 1.2946 -0.5335 0.6653, 0.9449 -0.5335 0.6535, 0.9449 -0.5335 0.6614, 0.1575 -0.5335 0.6535, 0.0394 -0.5335 0.6535, 0.3543 -0.5335 0.6535, 0.3543 -0.5335 0.6614, 0.6299 -0.5335 0.6614, -0.1575 -0.5335 0.6535, -0.1575 -0.5335 0.6614, -0.2362 -0.5335 0.6614, -0.2362 -0.5335 0.6535, -0.3543 -0.5335 0.6535, -0.0394 -0.5335 0.6535, -0.0394 -0.5335 0.6614, 0.0394 -0.5335 0.6614, -0.8267 -0.5335 0.6535, -0.9449 -0.5335 0.6535, -0.748 -0.5335 0.6535, -0.748 -0.5335 0.6614, -0.8267 -0.5335 0.6614, -0.6299 -0.5335 0.6535, -0.6299 -0.5335 0.6614, -0.3543 -0.5335 0.6614, -1.3021 -0.5335 0.67, -1.2946 -0.5335 0.6653, -1.2863 -0.5335 0.6624, -1.3083 -0.5335 0.6762, -1.313 -0.5335 0.6837, -1.3159 -0.5335 0.692, -0.9449 -0.5335 0.6614, -1.2776 -0.5335 0.6614, 1.7598 0.9547 0.4921, 1.7598 0.9547 0.8071, 1.7598 0.7112 0.4921, 1.7598 0.7112 0.2953, -1.7598 0.9547 0.8071, -1.7598 0.9547 0.4921, -1.7598 0.7112 0.4921, -1.7598 0.7112 0.2953, 1.2033 -2.3327 0.7205, 1.223 -2.2986 0.6614, 1.2776 -2.204 0.6614, 1.2946 -2.1744 0.9331, 1.2861 -2.1892 0.9351, 1.3169 -2.1358 0.8976, 1.223 -2.2986 0.937, 1.2033 -2.3327 0.878, 1.2776 -2.204 0.937, 1.2861 -2.1892 0.6634, 1.3169 -2.1358 0.7008, 1.3159 -2.1375 0.9064, 1.3147 -2.1397 0.9106, 1.3021 -2.1615 0.9284, 1.313 -2.1426 0.9147, 1.3083 -2.1507 0.9222, 1.3083 -2.1507 0.6762, 1.313 -2.1426 0.6837, 1.3021 -2.1615 0.67, 1.3147 -2.1397 0.6878, 1.3159 -2.1375 0.692, 1.3167 -2.1363 0.902, 1.2946 -2.1744 0.6653, 1.3167 -2.1363 0.6964, -1.2033 -2.3327 0.878, -1.223 -2.2986 0.937, -1.2776 -2.204 0.937, -1.2946 -2.1744 0.6653, -1.2861 -2.1892 0.6634, -1.3169 -2.1358 0.7008, -1.3169 -2.1358 0.8976, -1.2776 -2.204 0.6614, -1.223 -2.2986 0.6614, -1.2033 -2.3327 0.7205, -1.2861 -2.1892 0.9351, -1.3159 -2.1375 0.692, -1.3147 -2.1397 0.6878, -1.3021 -2.1615 0.67, -1.313 -2.1426 0.6837, -1.3083 -2.1507 0.6762, -1.3083 -2.1507 0.9222, -1.313 -2.1426 0.9147, -1.3021 -2.1615 0.9284, -1.3147 -2.1397 0.9106, -1.3159 -2.1375 0.9064, -1.3167 -2.1363 0.6964, -1.2946 -2.1744 0.9331, -1.3167 -2.1363 0.902, -1.3167 -2.1363 0.902
            ]
        }
        coordIndex [
            0,1,2,-1,3,4,5,-1,6,7,8,-1,8,7,9,-1,7,10,11,-1,12,13,14,-1,15,16,17,-1,17,16,18,-1,17,18,7,-1,7,18,19,-1,7,19,20,-1,20,21,7,-1,7,21,22,-1,7,22,10,-1,5,9,3,-1,3,9,7,-1,3,7,23,-1,23,7,11,-1,23,11,24,-1,25,26,6,-1,14,25,12,-1,12,25,6,-1,12,6,27,-1,27,6,8,-1,27,8,28,-1,28,8,29,-1,30,31,32,-1,33,34,6,-1,32,33,30,-1,30,33,6,-1,30,6,35,-1,35,6,26,-1,35,26,36,-1,36,26,37,-1,38,39,6,-1,40,41,42,-1,42,38,40,-1,40,38,6,-1,40,6,43,-1,43,6,34,-1,43,34,44,-1,44,34,45,-1,46,6,47,-1,47,6,48,-1,46,49,6,-1,6,49,50,-1,6,50,2,-1,2,50,51,-1,2,51,0,-1,39,52,6,-1,6,52,53,-1,6,53,48,-1,54,55,56,-1,56,55,17,-1,56,17,57,-1,57,17,7,-1,58,59,60,-1,61,6,60,-1,60,6,2,-1,60,2,58,-1,57,7,61,-1,61,7,6,-1,17,55,15,-1,15,55,58,-1,15,58,1,-1,1,58,2,-1,62,63,64,-1,65,66,67,-1,68,69,70,-1,70,69,62,-1,62,64,70,-1,70,64,71,-1,70,71,66,-1,66,71,72,-1,66,72,67,-1,73,74,75,-1,75,74,76,-1,75,76,77,-1,78,79,80,-1,80,79,81,-1,80,81,82,-1,65,67,75,-1,75,67,83,-1,75,83,73,-1,71,84,72,-1,72,84,80,-1,72,80,85,-1,85,80,82,-1,86,87,88,-1,89,90,91,-1,91,90,92,-1,93,94,95,-1,95,86,93,-1,93,86,88,-1,93,88,90,-1,90,88,96,-1,90,96,92,-1,97,98,99,-1,99,98,100,-1,99,100,101,-1,102,103,104,-1,104,103,105,-1,104,105,106,-1,89,91,99,-1,99,91,107,-1,99,107,97,-1,96,108,92,-1,92,108,104,-1,92,104,109,-1,109,104,106,-1,95,94,62,-1,62,94,63,-1,69,68,86,-1,86,68,87,-1,60,56,61,-1,61,56,57,-1,60,59,56,-1,56,59,54,-1,
        ]
    }
}
Shape{
    appearance Appearance {
        material  Material 	{
            diffuseColor 0.8313725490196079 0.6705882352941176 0.12941176470588237
            specularColor 0.6666666666666666 0.5372549019607843 0.10196078431372549
            ambientIntensity 0.2
            transparency 0
            shininess 0.5
        }
    }
    geometry IndexedFaceSet {
        ccw TRUE
        solid FALSE
        coord DEF co Coordinate {
            point [
                0.935 -0.0 0.1772, 1.0335 -0.0 0.1772, 0.935 -0.2559 0.1772, 1.0335 -0.2559 0.1772, 1.0335 -0.2756 0.1969, 1.0335 -0.2756 0.2953, 0.935 -0.2756 0.1969, 0.935 -0.2756 0.2953, 0.935 -0.2362 0.2953, 0.935 -0.2362 0.2362, 0.935 -0.2251 0.2185, 0.935 -0.2288 0.2208, 0.935 -0.2603 0.1777, 0.935 -0.2644 0.1791, 0.935 -0.0 0.2165, 0.935 -0.2165 0.2165, 0.935 -0.2209 0.217, 0.935 -0.2357 0.2318, 0.935 -0.2343 0.2277, 0.935 -0.2751 0.1925, 0.935 -0.2319 0.2239, 0.935 -0.2682 0.1815, 0.935 -0.2713 0.1846, 0.935 -0.2736 0.1883, 1.0335 -0.0 0.2165, 1.0335 -0.2165 0.2165, 1.0335 -0.2319 0.2239, 1.0335 -0.2343 0.2277, 1.0335 -0.2209 0.217, 1.0335 -0.2251 0.2185, 1.0335 -0.2603 0.1777, 1.0335 -0.2288 0.2208, 1.0335 -0.2644 0.1791, 1.0335 -0.2682 0.1815, 1.0335 -0.2751 0.1925, 1.0335 -0.2736 0.1883, 1.0335 -0.2713 0.1846, 1.0335 -0.2362 0.2953, 1.0335 -0.2362 0.2362, 1.0335 -0.2357 0.2318, 0.0492 0.2602 0.2239, 0.0492 0.217 0.1925, 0.0492 0.2579 0.2277, 0.0492 0.2165 0.1969, 0.0492 0.2564 0.2318, 0.0492 0.4921 0.2165, 0.0492 0.4921 0.1772, 0.0492 0.2756 0.2165, 0.0492 0.2362 0.1772, 0.0492 0.2712 0.217, 0.0492 0.267 0.2185, 0.0492 0.2165 0.2953, 0.0492 0.2559 0.2953, 0.0492 0.2559 0.2362, 0.0492 0.2277 0.1791, 0.0492 0.2239 0.1815, 0.0492 0.2633 0.2208, 0.0492 0.2208 0.1846, 0.0492 0.2185 0.1883, 0.0492 0.2318 0.1777, 0.1476 0.4921 0.2165, 0.1476 0.4921 0.1772, 0.1476 0.2602 0.2239, 0.1476 0.2579 0.2277, 0.1476 0.2165 0.1969, 0.1476 0.2362 0.1772, 0.1476 0.2756 0.2165, 0.1476 0.217 0.1925, 0.1476 0.2185 0.1883, 0.1476 0.2633 0.2208, 0.1476 0.2208 0.1846, 0.1476 0.2239 0.1815, 0.1476 0.2559 0.2953, 0.1476 0.2165 0.2953, 0.1476 0.2559 0.2362, 0.1476 0.2564 0.2318, 0.1476 0.2712 0.217, 0.1476 0.267 0.2185, 0.1476 0.2318 0.1777, 0.1476 0.2277 0.1791, -0.0394 -1.9979 0.9449, -0.1575 -1.9979 0.9449, -0.0394 -1.9979 0.937, -0.1575 -1.9979 0.937, -0.0394 -0.4231 0.9449, -0.0394 -0.4231 0.937, -0.1575 -0.4231 0.9449, -0.1575 -0.4231 0.937, 1.1319 -0.2756 0.2953, 1.1319 -0.2362 0.2953, 1.1319 -0.2756 0.1969, 1.1319 -0.2362 0.2362, 1.1319 -0.2251 0.2185, 1.1319 -0.2559 0.1772, 1.1319 -0.2288 0.2208, 1.1319 -0.2603 0.1777, 1.1319 -0.2644 0.1791, 1.1319 -0.0 0.2165, 1.1319 -0.0 0.1772, 1.1319 -0.2165 0.2165, 1.1319 -0.2209 0.217, 1.1319 -0.2357 0.2318, 1.1319 -0.2343 0.2277, 1.1319 -0.2751 0.1925, 1.1319 -0.2319 0.2239, 1.1319 -0.2682 0.1815, 1.1319 -0.2713 0.1846, 1.1319 -0.2736 0.1883, 1.2303 -0.0 0.2165, 1.2303 -0.0 0.1772, 1.2303 -0.2559 0.1772, 1.2303 -0.2165 0.2165, 1.2303 -0.2319 0.2239, 1.2303 -0.2343 0.2277, 1.2303 -0.2756 0.1969, 1.2303 -0.2209 0.217, 1.2303 -0.2251 0.2185, 1.2303 -0.2603 0.1777, 1.2303 -0.2288 0.2208, 1.2303 -0.2644 0.1791, 1.2303 -0.2682 0.1815, 1.2303 -0.2751 0.1925, 1.2303 -0.2736 0.1883, 1.2303 -0.2713 0.1846, 1.2303 -0.2362 0.2953, 1.2303 -0.2756 0.2953, 1.2303 -0.2362 0.2362, 1.2303 -0.2357 0.2318, 1.2303 -0.2357 0.2318
            ]
        }
        coordIndex [
            0,1,2,-1,2,1,3,-1,4,5,6,-1,6,5,7,-1,7,8,6,-1,6,8,9,-1,10,2,11,-1,11,2,12,-1,11,12,13,-1,14,0,15,-1,15,0,2,-1,15,2,16,-1,16,2,10,-1,9,17,6,-1,6,17,18,-1,6,18,19,-1,19,18,20,-1,13,21,11,-1,11,21,22,-1,11,22,20,-1,20,22,23,-1,20,23,19,-1,24,1,14,-1,14,1,0,-1,1,24,3,-1,3,24,25,-1,26,27,4,-1,25,28,3,-1,3,28,29,-1,3,29,30,-1,30,29,31,-1,30,31,32,-1,32,31,33,-1,4,34,26,-1,26,34,35,-1,26,35,31,-1,31,35,36,-1,31,36,33,-1,37,5,38,-1,38,5,4,-1,38,4,39,-1,39,4,27,-1,7,5,8,-1,8,5,37,-1,38,9,37,-1,37,9,8,-1,25,15,28,-1,28,15,16,-1,28,16,29,-1,29,16,10,-1,29,10,31,-1,31,10,11,-1,31,11,26,-1,26,11,20,-1,26,20,27,-1,27,20,18,-1,27,18,39,-1,39,18,17,-1,39,17,38,-1,38,17,9,-1,24,14,25,-1,25,14,15,-1,4,6,19,-1,4,19,34,-1,34,19,23,-1,34,23,35,-1,35,23,22,-1,35,22,36,-1,36,22,21,-1,36,21,33,-1,33,21,13,-1,33,13,32,-1,32,13,12,-1,32,12,30,-1,30,12,2,-1,30,2,3,-1,40,41,42,-1,42,41,43,-1,42,43,44,-1,45,46,47,-1,47,46,48,-1,47,48,49,-1,49,48,50,-1,51,52,43,-1,43,52,53,-1,43,53,44,-1,54,55,56,-1,56,55,57,-1,56,57,40,-1,40,57,58,-1,40,58,41,-1,50,48,56,-1,56,48,59,-1,56,59,54,-1,60,61,45,-1,45,61,46,-1,62,63,64,-1,61,60,65,-1,65,60,66,-1,64,67,62,-1,62,67,68,-1,62,68,69,-1,69,68,70,-1,69,70,71,-1,72,73,74,-1,74,73,64,-1,74,64,75,-1,75,64,63,-1,66,76,65,-1,65,76,77,-1,65,77,78,-1,78,77,69,-1,78,69,79,-1,79,69,71,-1,64,73,43,-1,43,73,51,-1,46,61,48,-1,48,61,65,-1,52,51,72,-1,72,51,73,-1,74,53,72,-1,72,53,52,-1,66,47,76,-1,76,47,49,-1,76,49,77,-1,77,49,50,-1,77,50,69,-1,69,50,56,-1,69,56,62,-1,62,56,40,-1,62,40,63,-1,63,40,42,-1,63,42,75,-1,75,42,44,-1,75,44,74,-1,74,44,53,-1,60,45,66,-1,66,45,47,-1,64,43,41,-1,64,41,67,-1,67,41,58,-1,67,58,68,-1,68,58,57,-1,68,57,70,-1,70,57,55,-1,70,55,71,-1,71,55,54,-1,71,54,79,-1,79,54,59,-1,79,59,78,-1,78,59,48,-1,78,48,65,-1,80,81,82,-1,82,81,83,-1,84,80,85,-1,85,80,82,-1,86,84,87,-1,87,84,85,-1,81,86,83,-1,83,86,87,-1,84,86,80,-1,80,86,81,-1,87,85,83,-1,83,85,82,-1,88,89,90,-1,90,89,91,-1,92,93,94,-1,94,93,95,-1,94,95,96,-1,97,98,99,-1,99,98,93,-1,99,93,100,-1,100,93,92,-1,91,101,90,-1,90,101,102,-1,90,102,103,-1,103,102,104,-1,96,105,94,-1,94,105,106,-1,94,106,104,-1,104,106,107,-1,104,107,103,-1,108,109,97,-1,97,109,98,-1,109,108,110,-1,110,108,111,-1,112,113,114,-1,111,115,110,-1,110,115,116,-1,110,116,117,-1,117,116,118,-1,117,118,119,-1,119,118,120,-1,114,121,112,-1,112,121,122,-1,112,122,118,-1,118,122,123,-1,118,123,120,-1,124,125,126,-1,126,125,114,-1,126,114,127,-1,127,114,113,-1,114,125,90,-1,90,125,88,-1,98,109,93,-1,93,109,110,-1,89,88,124,-1,124,88,125,-1,126,91,124,-1,124,91,89,-1,111,99,115,-1,115,99,100,-1,115,100,116,-1,116,100,92,-1,116,92,118,-1,118,92,94,-1,118,94,112,-1,112,94,104,-1,112,104,113,-1,113,104,102,-1,113,102,127,-1,127,102,101,-1,127,101,126,-1,126,101,91,-1,108,97,111,-1,111,97,99,-1,114,90,103,-1,114,103,121,-1,121,103,107,-1,121,107,122,-1,122,107,106,-1,122,106,123,-1,123,106,105,-1,123,105,120,-1,120,105,96,-1,120,96,119,-1,119,96,95,-1,119,95,117,-1,117,95,93,-1,117,93,110,-1,
        ]
    }
}
Shape{
    appearance Appearance {
        material  Material 	{
            diffuseColor 0.6666666666666666 0.6980392156862745 0.7686274509803922
            specularColor 0.3333333333333333 0.34901960784313724 0.3843137254901961
            ambientIntensity 0.2
            transparency 0
            shininess 0.5
        }
    }
    geometry IndexedFaceSet {
        ccw TRUE
        solid FALSE
        coord DEF co Coordinate {
            point [
                0.0813 -0.669 0.1772, 0.0929 -0.6703 0.1772, 0.0558 -0.7577 0.1772, 0.0421 -0.7763 0.1772, 0.0421 -0.5413 0.1772, 0.0537 -0.7565 0.1772, 0.0537 -0.7694 0.1772, 0.0662 -0.7746 0.1772, 0.0782 -0.7763 0.1772, 0.1122 -0.7716 0.1772, 0.1516 -0.7756 0.1772, 0.1007 -0.7755 0.1772, 0.0931 -0.7763 0.1772, 0.1963 -0.6575 0.1772, 0.2121 -0.6575 0.1772, 1.248 -0.5413 0.1772, 0.2121 -0.7756 0.1772, 1.248 -0.7763 0.1772, 0.067 -0.6708 0.1772, 0.0537 -0.6765 0.1772, 0.0537 -0.6607 0.1772, 0.1018 -0.6735 0.1772, 0.11 -0.6789 0.1772, 0.1171 -0.6868 0.1772, 0.1257 -0.7178 0.1772, 0.1245 -0.7306 0.1772, 0.1213 -0.7407 0.1772, 0.095 -0.7628 0.1772, 0.084 -0.764 0.1772, 0.1036 -0.7596 0.1772, 0.1108 -0.7548 0.1772, 0.1164 -0.7489 0.1772, 0.0683 -0.7623 0.1772, 0.122 -0.6959 0.1772, 0.1251 -0.7086 0.1772, 0.1217 -0.7655 0.1772, 0.1305 -0.7562 0.1772, 0.1516 -0.7626 0.1772, 0.1368 -0.7449 0.1772, 0.1963 -0.7626 0.1772, 0.1353 -0.6886 0.1772, 0.1284 -0.6775 0.1772, 0.1177 -0.6673 0.1772, 0.1065 -0.6608 0.1772, 0.0933 -0.657 0.1772, 0.1404 -0.7324 0.1772, 0.1415 -0.7187 0.1772, 0.1398 -0.702 0.1772, 0.0815 -0.656 0.1772, 0.0673 -0.657 0.1772, 0.0421 -1.4272 0.1772, 0.0829 -0.777 0.1772, 1.248 -1.4272 0.1772, 0.0862 -0.777 0.1772, -0.1595 -0.7756 0.1772, -0.145 -0.7432 0.1772, -0.1382 -0.7538 0.1772, 0.0148 -0.6704 0.1772, 0.0148 -0.7093 0.1772, -0.0299 -0.6704 0.1772, -0.027 -0.7093 0.1772, -0.0299 -0.6575 0.1772, -0.0558 -0.6575 0.1772, -0.0558 -0.7756 0.1772, -0.027 -0.7223 0.1772, -0.1285 -0.7631 0.1772, -0.1161 -0.7702 0.1772, -0.1025 -0.7743 0.1772, -0.1062 -0.6593 0.1772, -0.12 -0.6641 0.1772, -0.2042 -0.6575 0.1772, -0.1329 -0.6728 0.1772, -0.133 -0.6729 0.1772, -0.1414 -0.6821 0.1772, -0.1468 -0.6923 0.1772, -0.15 -0.7039 0.1772, -0.1509 -0.715 0.1772, -0.1492 -0.7308 0.1772, 0.0306 -0.6575 0.1772, -1.248 -0.5413 0.1772, -0.0891 -0.6575 0.1772, -0.0879 -0.7756 0.1772, -0.2488 -0.7756 0.1772, -0.2661 -0.7756 0.1772, -1.248 -0.7763 0.1772, -0.22 -0.6575 0.1772, 0.0148 -0.7223 0.1772, 0.0148 -0.7626 0.1772, -0.0328 -0.7626 0.1772, -0.0328 -0.7756 0.1772, 0.0306 -0.7756 0.1772, -0.2369 -0.7424 0.1772, -0.1881 -0.7424 0.1772, -0.1768 -0.7756 0.1772, -1.248 -1.4272 0.1772, 0.0 -1.4272 0.1772, 1.7598 0.3445 0.2635, 1.8386 0.3445 0.2635, 1.7598 0.2977 0.2635, 1.8386 0.2977 0.2635, 1.8386 0.0425 0.2635, 1.7598 0.0425 0.2635, 1.8386 0.0839 0.2635, 1.7598 0.0839 0.2635, -1.7598 0.0839 0.2635, -1.7598 0.0425 0.2635, -1.8386 0.0839 0.2635, -1.8386 0.0425 0.2635, -1.248 -1.2894 1.4213, -1.248 -1.4272 1.4213, 1.248 -1.2894 1.4213, 1.248 -1.4272 1.4213, -1.7598 -1.2894 0.689, -1.7598 -1.4272 0.689, -1.7598 -1.2894 0.9094, -1.7598 -1.4272 0.9094, 1.7598 -1.2894 0.9094, 1.7598 -1.4272 0.9094, 1.7598 -1.2894 0.689, 1.7598 -1.4272 0.689, 1.7205 0.9547 1.1063, 1.589 0.9547 1.1063, 1.6736 0.9547 1.1938, 1.5558 0.9547 1.1549, 1.6099 0.9547 1.2714, 1.4935 0.9547 1.2173, 1.4094 0.9547 1.2686, 1.4094 0.9547 1.3952, 1.4189 0.9547 1.2642, 1.4439 0.9547 1.3823, 1.5324 0.9547 1.335, -1.5558 0.9547 1.1549, -1.589 0.9547 1.1063, -1.7205 0.9547 1.1063, -1.4094 0.9547 1.3952, -1.4094 0.9547 1.2686, -1.4439 0.9547 1.3823, -1.4189 0.9547 1.2642, -1.5324 0.9547 1.335, -1.4935 0.9547 1.2173, -1.6099 0.9547 1.2714, -1.6736 0.9547 1.1938, 1.248 -1.7618 1.4213, 1.248 -1.5453 1.4213, 0.0 -1.7618 1.4213, -1.248 -1.5453 1.4213, -1.248 -1.7618 1.4213, -1.75 -1.4272 1.0093, -1.7598 0.9547 0.9094, -1.75 0.9547 1.0093, -1.7209 -1.4272 1.1053, -1.7209 0.9547 1.1053, -1.6736 -1.4272 1.1938, -1.6099 -1.4272 1.2714, -1.5324 -1.4272 1.335, -1.4439 -1.4272 1.3823, -1.3479 -1.4272 1.4114, -1.3479 0.9547 1.4114, -1.248 0.9547 1.4213, -1.7598 -1.5453 0.9094, -1.7598 -1.7618 0.9094, -1.75 -1.7618 1.0093, -1.75 -1.5453 1.0093, -1.7209 -1.7618 1.1053, -1.7209 -1.5453 1.1053, -1.6736 -1.7618 1.1938, -1.6736 -1.5453 1.1938, -1.6099 -1.7618 1.2714, -1.6099 -1.5453 1.2714, -1.5324 -1.7618 1.335, -1.5324 -1.5453 1.335, -1.4439 -1.7618 1.3823, -1.4439 -1.5453 1.3823, -1.3479 -1.7618 1.4114, -1.3479 -1.5453 1.4114, -1.7598 -1.5453 0.689, -1.7598 -1.7618 0.689, -1.3479 -1.4272 0.187, -1.3479 -0.5413 0.187, -1.75 -1.4272 0.5891, -1.4439 -1.4272 0.2161, -1.4439 -0.5413 0.2161, -1.5324 -1.4272 0.2634, -1.5324 -0.5413 0.2634, -1.6099 -1.4272 0.3271, -1.6099 -0.5413 0.3271, -1.6736 -1.4272 0.4046, -1.6736 -0.5413 0.4046, -1.7209 -1.4272 0.4931, -1.7209 -0.5413 0.4931, -1.75 -0.5413 0.5891, -1.7598 -0.5413 0.689, -1.248 -1.5453 0.1772, -1.248 -1.7618 0.1772, -1.3479 -1.7618 0.187, -1.3479 -1.5453 0.187, -1.4439 -1.7618 0.2161, -1.4439 -1.5453 0.2161, -1.5324 -1.7618 0.2634, -1.5324 -1.5453 0.2634, -1.6099 -1.7618 0.3271, -1.6099 -1.5453 0.3271, -1.6736 -1.7618 0.4046, -1.6736 -1.5453 0.4046, -1.7209 -1.7618 0.4931, -1.7209 -1.5453 0.4931, -1.75 -1.7618 0.5891, -1.75 -1.5453 0.5891, 1.248 -1.5453 0.1772, 1.248 -1.7618 0.1772, 0.0 -1.5453 0.1772, 1.3479 -0.5413 0.187, 1.75 -1.4272 0.5891, 1.7598 -0.5413 0.689, 1.75 -0.5413 0.5891, 1.7209 -1.4272 0.4931, 1.7209 -0.5413 0.4931, 1.6736 -1.4272 0.4046, 1.6736 -0.5413 0.4046, 1.6099 -1.4272 0.3271, 1.6099 -0.5413 0.3271, 1.5324 -1.4272 0.2634, 1.5324 -0.5413 0.2634, 1.4439 -1.4272 0.2161, 1.4439 -0.5413 0.2161, 1.3479 -1.4272 0.187, 1.7598 -1.5453 0.689, 1.7598 -1.7618 0.689, 1.75 -1.7618 0.5891, 1.75 -1.5453 0.5891, 1.7209 -1.7618 0.4931, 1.7209 -1.5453 0.4931, 1.6736 -1.7618 0.4046, 1.6736 -1.5453 0.4046, 1.6099 -1.7618 0.3271, 1.6099 -1.5453 0.3271, 1.5324 -1.7618 0.2634, 1.5324 -1.5453 0.2634, 1.4439 -1.7618 0.2161, 1.4439 -1.5453 0.2161, 1.3479 -1.7618 0.187, 1.3479 -1.5453 0.187, 1.7598 -1.5453 0.9094, 1.7598 -1.7618 0.9094, 1.3479 -1.4272 1.4114, 1.248 0.9547 1.4213, 1.6736 -1.4272 1.1938, 1.6099 -1.4272 1.2714, 1.5324 -1.4272 1.335, 1.4439 -1.4272 1.3823, 1.3479 0.9547 1.4114, 1.7209 0.9547 1.1053, 1.75 -1.4272 1.0093, 1.7209 -1.4272 1.1053, 1.75 0.9547 1.0093, 1.7598 0.9547 0.9094, 1.3479 -1.7618 1.4114, 1.3479 -1.5453 1.4114, 1.4439 -1.7618 1.3823, 1.4439 -1.5453 1.3823, 1.5324 -1.7618 1.335, 1.5324 -1.5453 1.335, 1.6099 -1.7618 1.2714, 1.6099 -1.5453 1.2714, 1.6736 -1.7618 1.1938, 1.6736 -1.5453 1.1938, 1.7209 -1.7618 1.1053, 1.7209 -1.5453 1.1053, 1.75 -1.7618 1.0093, 1.75 -1.5453 1.0093, -1.5558 -1.8799 0.4435, -1.6935 -1.8799 0.2436, -1.4935 -1.8799 0.3812, -1.598 -1.8799 0.1652, -1.4189 -1.8799 0.3343, -1.4891 -1.8799 0.107, -1.3356 -1.8799 0.3051, -1.3709 -1.8799 0.0712, -1.248 -1.8799 0.2953, -1.248 -1.8799 0.0591, 1.248 -1.8799 0.2953, 1.248 -1.8799 0.0591, 1.3356 -1.8799 0.3051, 1.3709 -1.8799 0.0712, 1.4189 -1.8799 0.3343, 1.4891 -1.8799 0.107, 1.4935 -1.8799 0.3812, 1.5558 -1.8799 1.1549, 1.6935 -1.8799 1.3549, 1.4935 -1.8799 1.2173, 1.598 -1.8799 1.4332, 1.4189 -1.8799 1.2642, 1.4891 -1.8799 1.4914, 1.3356 -1.8799 1.2933, 1.3709 -1.8799 1.5273, 1.248 -1.8799 1.3031, 1.598 -1.8799 0.1652, 1.6935 -1.8799 0.2436, 1.5558 -1.8799 0.4435, 1.7718 -1.8799 0.339, 1.6027 -1.8799 0.5182, 1.83 -1.8799 0.4479, 1.6319 -1.8799 0.6014, 1.8658 -1.8799 0.5661, 1.6417 -1.8799 0.689, 1.878 -1.8799 0.689, 1.6417 -1.8799 0.9094, 1.878 -1.8799 0.9094, 1.6319 -1.8799 0.9971, 1.8658 -1.8799 1.0323, 1.6027 -1.8799 1.0803, 1.83 -1.8799 1.1505, 1.7718 -1.8799 1.2594, -1.4935 -1.8799 1.2173, -1.6935 -1.8799 1.3549, -1.5558 -1.8799 1.1549, -1.7718 -1.8799 1.2594, -1.6027 -1.8799 1.0803, -1.83 -1.8799 1.1505, -1.6319 -1.8799 0.9971, -1.8658 -1.8799 1.0323, -1.6417 -1.8799 0.9094, -1.878 -1.8799 0.9094, -1.6417 -1.8799 0.689, -1.878 -1.8799 0.689, -1.6319 -1.8799 0.6014, -1.8658 -1.8799 0.5661, -1.6027 -1.8799 0.5182, -1.83 -1.8799 0.4479, -1.7718 -1.8799 0.339, 1.248 -1.8799 1.5394, 0.0 -1.8799 1.5394, -1.248 -1.8799 1.3031, -1.248 -1.8799 1.5394, -1.3356 -1.8799 1.2933, -1.3709 -1.8799 1.5273, -1.4189 -1.8799 1.2642, -1.4891 -1.8799 1.4914, -1.598 -1.8799 1.4332, -1.248 -0.5413 0.2953, 1.248 -0.5413 0.2953, 1.3356 -0.5413 0.3051, 1.4189 -0.5413 0.3343, 1.4935 -0.5413 0.3812, 1.5558 -0.5413 0.4435, 1.6027 -0.5413 0.5182, 1.6319 -0.5413 0.6014, 1.6417 -0.5413 0.689, 1.6417 0.9547 0.9094, 1.6417 0.9547 0.8071, 1.6417 -0.5413 0.8071, 1.6319 0.9547 0.9971, 1.6027 0.9547 1.0803, 1.248 0.9547 1.3031, 1.3356 0.9547 1.2933, -1.248 0.9547 1.3031, -1.3356 0.9547 1.2933, -1.6417 0.9547 0.9094, -1.6319 0.9547 0.9971, -1.6027 0.9547 1.0803, -1.6417 0.9547 0.8071, -1.6417 -0.5413 0.8071, -1.6417 -0.5413 0.689, -1.6319 -0.5413 0.6014, -1.6027 -0.5413 0.5182, -1.5558 -0.5413 0.4435, -1.4935 -0.5413 0.3812, -1.4189 -0.5413 0.3343, -1.3356 -0.5413 0.3051, 1.7598 0.9547 0.8071, 1.7598 -0.5413 0.8071, -1.7598 -0.5413 0.8071, -1.7598 0.9547 0.8071, -1.248 -1.7618 1.5394, 0.0 -1.7618 1.5394, -1.3709 -1.7618 1.5273, -1.4891 -1.7618 1.4914, -1.598 -1.7618 1.4332, -1.6935 -1.7618 1.3549, -1.7718 -1.7618 1.2594, -1.83 -1.7618 1.1505, -1.8658 -1.7618 1.0323, -1.878 -1.7618 0.9094, -1.878 -1.7618 0.689, -1.8658 -1.7618 0.5661, -1.83 -1.7618 0.4479, -1.7718 -1.7618 0.339, -1.6935 -1.7618 0.2436, -1.598 -1.7618 0.1652, -1.4891 -1.7618 0.107, -1.3709 -1.7618 0.0712, -1.248 -1.7618 0.0591, 1.248 -1.7618 0.0591, 1.3709 -1.7618 0.0712, 1.4891 -1.7618 0.107, 1.598 -1.7618 0.1652, 1.6935 -1.7618 0.2436, 1.7718 -1.7618 0.339, 1.83 -1.7618 0.4479, 1.8658 -1.7618 0.5661, 1.878 -1.7618 0.689, 1.878 -1.7618 0.9094, 1.8658 -1.7618 1.0323, 1.83 -1.7618 1.1505, 1.7718 -1.7618 1.2594, 1.6935 -1.7618 1.3549, 1.598 -1.7618 1.4332, 1.4891 -1.7618 1.4914, 1.3709 -1.7618 1.5273, 1.248 -1.7618 1.5394, 0.0 -1.5453 0.0591, 0.0 -1.4272 0.0591, 1.248 -1.5453 0.0591, 1.248 -1.4272 0.0591, -1.248 -1.5453 0.0591, -1.248 -1.4272 0.0591, -1.878 -1.5453 0.689, -1.878 -1.4272 0.689, -1.8658 -1.4272 0.5661, -1.8658 -1.5453 0.5661, -1.83 -1.4272 0.4479, -1.83 -1.5453 0.4479, -1.7718 -1.4272 0.339, -1.7718 -1.5453 0.339, -1.6935 -1.4272 0.2436, -1.6935 -1.5453 0.2436, -1.598 -1.4272 0.1652, -1.598 -1.5453 0.1652, -1.4891 -1.4272 0.107, -1.4891 -1.5453 0.107, -1.3709 -1.4272 0.0712, -1.3709 -1.5453 0.0712, -1.878 -1.5453 0.9094, -1.878 -1.4272 0.9094, -1.248 -1.5453 1.5394, -1.248 -1.4272 1.5394, -1.3709 -1.4272 1.5273, -1.3709 -1.5453 1.5273, -1.4891 -1.4272 1.4914, -1.4891 -1.5453 1.4914, -1.598 -1.4272 1.4332, -1.598 -1.5453 1.4332, -1.6935 -1.4272 1.3549, -1.6935 -1.5453 1.3549, -1.7718 -1.4272 1.2594, -1.7718 -1.5453 1.2594, -1.83 -1.4272 1.1505, -1.83 -1.5453 1.1505, -1.8658 -1.4272 1.0323, -1.8658 -1.5453 1.0323, 1.248 -1.5453 1.5394, 1.248 -1.4272 1.5394, 1.878 -1.5453 0.9094, 1.878 -1.4272 0.9094, 1.8658 -1.4272 1.0323, 1.8658 -1.5453 1.0323, 1.83 -1.4272 1.1505, 1.83 -1.5453 1.1505, 1.7718 -1.4272 1.2594, 1.7718 -1.5453 1.2594, 1.6935 -1.4272 1.3549, 1.6935 -1.5453 1.3549, 1.598 -1.4272 1.4332, 1.598 -1.5453 1.4332, 1.4891 -1.4272 1.4914, 1.4891 -1.5453 1.4914, 1.3709 -1.4272 1.5273, 1.3709 -1.5453 1.5273, 1.878 -1.5453 0.689, 1.878 -1.4272 0.689, 1.3709 -1.4272 0.0712, 1.3709 -1.5453 0.0712, 1.4891 -1.4272 0.107, 1.4891 -1.5453 0.107, 1.598 -1.4272 0.1652, 1.598 -1.5453 0.1652, 1.6935 -1.4272 0.2436, 1.6935 -1.5453 0.2436, 1.7718 -1.4272 0.339, 1.7718 -1.5453 0.339, 1.83 -1.4272 0.4479, 1.83 -1.5453 0.4479, 1.8658 -1.4272 0.5661, 1.8658 -1.5453 0.5661, 1.4449 0.9547 1.4213, 1.4449 -1.2894 1.4213, 1.4094 0.9547 1.4213, -1.4094 0.9547 1.4213, -1.7598 0.9547 0.2953, 1.7598 0.9547 0.2953, 1.4487 0.9547 1.1168, 1.4324 0.9547 1.1294, 1.4881 0.9547 1.1063, -1.4677 0.9547 1.109, -1.4881 0.9547 1.1063, -1.412 0.9547 1.1647, 1.4199 0.9547 1.1457, -1.4199 0.9547 1.1457, -1.4324 0.9547 1.1294, -1.4487 0.9547 1.1168, 1.4677 0.9547 1.109, 1.412 0.9547 1.1647, 1.4094 0.9547 1.185, -1.4094 0.9547 1.185, 1.7598 0.9547 1.1063, -1.7598 0.9547 1.1063, -1.7598 -1.2894 1.1063, 1.7598 -0.4146 0.1623, 1.7598 -0.9389 0.1549, 1.7598 -0.4084 0.1686, 1.7598 -0.4009 0.1733, 1.7598 0.8082 0.1762, 1.7598 0.7998 0.1733, 1.7598 -0.4193 0.1549, 1.7598 -0.4222 0.1466, 1.7598 -0.936 0.1466, 1.7598 -0.4232 0.1378, 1.7598 -0.3839 0.1772, 1.7598 -0.0362 0.1772, 1.7598 -0.0275 0.1782, 1.7598 -0.9499 0.1686, 1.7598 -0.9436 0.1623, 1.7598 -0.3926 0.1762, 1.7598 -0.9573 0.1733, 1.7598 -0.9656 0.1762, 1.7598 -0.9744 0.1772, 1.7598 -1.2894 0.1772, 1.7598 0.369 0.2549, 1.7598 0.3616 0.2596, 1.7598 0.3532 0.2625, 1.7598 0.0337 0.2625, 1.7598 0.7776 0.0197, 1.7598 0.3839 0.0197, 1.7598 0.7776 0.1378, 1.7598 0.3839 0.2241, 1.7598 0.7785 0.1466, 1.7598 0.007 0.2412, 1.7598 0.0041 0.2329, 1.7598 0.0031 0.2241, 1.7598 0.0031 0.2165, 1.7598 0.8169 0.1772, 1.7598 0.9547 0.1772, 1.7598 0.3829 0.2329, 1.7598 0.38 0.2412, 1.7598 0.7815 0.1549, 1.7598 0.3753 0.2486, 1.7598 0.7861 0.1623, 1.7598 0.7924 0.1686, 1.7598 0.0254 0.2596, 1.7598 0.0179 0.2549, 1.7598 0.0117 0.2486, 1.7598 0.7382 -0.0197, 1.7598 0.4232 -0.0197, 1.7598 0.3848 0.0109, 1.7598 0.3878 0.0026, 1.7598 -0.4232 0.0197, 1.7598 -0.935 0.0197, 1.7598 -0.935 0.1378, 1.7598 0.7553 -0.0158, 1.7598 0.7737 0.0026, 1.7598 0.7627 -0.0111, 1.7598 0.769 -0.0049, 1.7598 0.7766 0.0109, 1.7598 0.7469 -0.0187, 1.7598 0.4061 -0.0158, 1.7598 0.3987 -0.0111, 1.7598 0.3924 -0.0049, 1.7598 -0.4271 0.0026, 1.7598 -0.4318 -0.0049, 1.7598 -0.4381 -0.0111, 1.7598 0.0021 0.2078, 1.7598 -0.0008 0.1995, 1.7598 -0.0055 0.192, 1.7598 -0.4242 0.0109, 1.7598 -0.9311 0.0026, 1.7598 -0.9341 0.0109, 1.7598 -0.8957 -0.0197, 1.7598 -0.4626 -0.0197, 1.7598 -0.4538 -0.0187, 1.7598 -0.0117 0.1858, 1.7598 -0.0192 0.1811, 1.7598 0.4145 -0.0187, 1.7598 -0.4455 -0.0158, 1.7598 -0.9128 -0.0158, 1.7598 -0.9202 -0.0111, 1.7598 -0.9264 -0.0049, 1.7598 -0.9044 -0.0187, -1.7598 0.7382 -0.0197, -1.7598 0.4232 -0.0197, -1.8386 0.7382 -0.0197, -1.8386 0.4232 -0.0197, -1.7598 -0.4626 -0.0197, -1.7598 -0.8957 -0.0197, -1.8386 -0.4626 -0.0197, -1.8386 -0.8957 -0.0197, 1.8386 0.7382 -0.0197, 1.8386 0.4232 -0.0197, 1.8386 -0.4626 -0.0197, 1.8386 -0.8957 -0.0197, -1.8386 0.9547 1.1063, -1.7519 0.9547 1.1764, -1.8287 0.9547 1.1939, -1.7287 0.9547 1.243, -1.7996 0.9547 1.2771, -1.6911 0.9547 1.3027, -1.7527 0.9547 1.3518, -1.6413 0.9547 1.3525, -1.6904 0.9547 1.4141, -1.5815 0.9547 1.3901, -1.6157 0.9547 1.461, -1.515 0.9547 1.4134, -1.5325 0.9547 1.4901, -1.4449 0.9547 1.4213, -1.4449 0.9547 1.5, -1.4094 0.9547 1.5, 1.4094 0.9547 1.5, 1.4449 0.9547 1.5, 1.515 0.9547 1.4134, 1.5325 0.9547 1.4901, 1.5815 0.9547 1.3901, 1.6157 0.9547 1.461, 1.6413 0.9547 1.3525, 1.6904 0.9547 1.4141, 1.6911 0.9547 1.3027, 1.7527 0.9547 1.3518, 1.7287 0.9547 1.243, 1.7996 0.9547 1.2771, 1.7519 0.9547 1.1764, 1.8287 0.9547 1.1939, 1.8386 0.9547 1.1063, -1.8386 0.9547 0.1772, -1.8386 0.9547 0.2953, -1.7598 0.9547 0.1772, -1.7598 0.8169 0.1772, -1.7598 0.0031 0.2241, -1.7598 0.0041 0.2329, -1.7598 0.0254 0.2596, -1.7598 0.0337 0.2625, -1.7598 -0.9499 0.1686, -1.7598 -0.9573 0.1733, -1.7598 -0.9656 0.1762, -1.7598 -0.0008 0.1995, -1.7598 0.0021 0.2078, -1.7598 0.0031 0.2165, -1.7598 -0.9744 0.1772, -1.7598 -1.2894 0.1772, -1.7598 -0.3926 0.1762, -1.7598 -0.3839 0.1772, -1.7598 -0.9389 0.1549, -1.7598 -0.9436 0.1623, -1.7598 -0.4146 0.1623, -1.7598 -0.4084 0.1686, -1.7598 -0.4009 0.1733, -1.7598 0.3445 0.2635, -1.7598 0.3532 0.2625, -1.7598 0.3616 0.2596, -1.7598 0.369 0.2549, -1.7598 0.3829 0.2329, -1.7598 0.38 0.2412, -1.7598 0.3753 0.2486, -1.7598 0.3839 0.2241, -1.7598 0.7785 0.1466, -1.7598 0.7815 0.1549, -1.7598 0.7861 0.1623, -1.7598 -0.0362 0.1772, -1.7598 -0.0275 0.1782, -1.7598 -0.0192 0.1811, -1.7598 0.007 0.2412, -1.7598 0.0117 0.2486, -1.7598 0.0179 0.2549, -1.7598 0.3839 0.0197, -1.7598 0.7776 0.0197, -1.7598 0.7776 0.1378, -1.7598 0.7924 0.1686, -1.7598 0.7998 0.1733, -1.7598 0.8082 0.1762, -1.7598 -0.0117 0.1858, -1.7598 -0.0055 0.192, -1.7598 0.3848 0.0109, -1.7598 -0.935 0.0197, -1.7598 -0.4232 0.0197, -1.7598 -0.935 0.1378, -1.7598 -0.4232 0.1378, -1.7598 -0.936 0.1466, -1.7598 -0.4222 0.1466, -1.7598 -0.4193 0.1549, -1.7598 0.7766 0.0109, -1.7598 0.2977 0.2635, -1.7598 0.3924 -0.0049, -1.7598 0.3987 -0.0111, -1.7598 0.4061 -0.0158, -1.7598 -0.4538 -0.0187, -1.7598 -0.4381 -0.0111, -1.7598 -0.4318 -0.0049, -1.7598 -0.4271 0.0026, -1.7598 0.3878 0.0026, -1.7598 0.4145 -0.0187, -1.7598 0.7627 -0.0111, -1.7598 0.7553 -0.0158, -1.7598 0.7469 -0.0187, -1.7598 0.769 -0.0049, -1.7598 0.7737 0.0026, -1.7598 -0.4455 -0.0158, -1.7598 -0.4242 0.0109, -1.7598 -0.9341 0.0109, -1.7598 -0.9311 0.0026, -1.7598 -0.9044 -0.0187, -1.7598 -0.9264 -0.0049, -1.7598 -0.9128 -0.0158, -1.7598 -0.9202 -0.0111, -1.4449 -1.2894 1.4213, -1.515 -1.2894 1.4134, -1.5815 -1.2894 1.3901, -1.6413 -1.2894 1.3525, -1.6911 -1.2894 1.3027, -1.7287 -1.2894 1.243, -1.7519 -1.2894 1.1764, 1.7598 -1.2894 1.1063, 1.7519 -1.2894 1.1764, 1.7287 -1.2894 1.243, 1.6911 -1.2894 1.3027, 1.6413 -1.2894 1.3525, 1.5815 -1.2894 1.3901, 1.515 -1.2894 1.4134, 1.8386 0.7375 1.1036, 1.8386 0.7579 1.1063, 1.8386 -1.2894 1.1063, 1.8386 0.6818 1.0479, 1.8386 0.6897 1.0669, 1.8386 0.7022 1.0832, 1.8386 0.7185 1.0958, 1.8386 0.3616 0.2596, 1.8386 0.369 0.2549, 1.8386 0.6818 0.3536, 1.8386 -0.9499 0.1686, 1.8386 0.6791 1.0276, 1.8386 -0.9436 0.1623, 1.8386 -0.9389 0.1549, 1.8386 0.3987 -0.0111, 1.8386 0.4061 -0.0158, 1.8386 0.7185 0.3058, 1.8386 0.6897 0.3346, 1.8386 0.3839 0.2241, 1.8386 0.7022 0.3183, 1.8386 0.3839 0.0197, 1.8386 -1.2894 0.1772, 1.8386 -0.9744 0.1772, 1.8386 -0.9656 0.1762, 1.8386 -0.9573 0.1733, 1.8386 -0.936 0.1466, 1.8386 -0.4222 0.1466, 1.8386 -0.935 0.1378, 1.8386 0.7776 0.1378, 1.8386 0.7785 0.1466, 1.8386 0.7375 0.298, 1.8386 0.7815 0.1549, 1.8386 0.7861 0.1623, 1.8386 0.7924 0.1686, 1.8386 0.7998 0.1733, 1.8386 0.7579 0.2953, 1.8386 0.3848 0.0109, 1.8386 0.3878 0.0026, 1.8386 0.3924 -0.0049, 1.8386 0.7776 0.0197, 1.8386 0.4145 -0.0187, 1.8386 0.3532 0.2625, 1.8386 0.3753 0.2486, 1.8386 0.38 0.2412, 1.8386 0.3829 0.2329, 1.8386 -0.4193 0.1549, 1.8386 -0.4146 0.1623, 1.8386 -0.4084 0.1686, 1.8386 -0.4009 0.1733, 1.8386 -0.3926 0.1762, 1.8386 -0.3839 0.1772, 1.8386 0.7553 -0.0158, 1.8386 0.7627 -0.0111, 1.8386 0.7766 0.0109, 1.8386 0.769 -0.0049, 1.8386 0.7737 0.0026, 1.8386 0.9547 0.1772, 1.8386 0.9547 0.2953, 1.8386 0.8169 0.1772, 1.8386 0.8082 0.1762, 1.8386 -0.935 0.0197, 1.8386 -0.4232 0.0197, 1.8386 -0.4232 0.1378, 1.8386 -0.0362 0.1772, 1.8386 0.0031 0.2241, 1.8386 0.0041 0.2329, 1.8386 0.007 0.2412, 1.8386 0.0117 0.2486, 1.8386 0.0179 0.2549, 1.8386 0.0254 0.2596, 1.8386 0.0337 0.2625, 1.8386 0.6791 0.374, 1.8386 0.7469 -0.0187, 1.8386 -0.4538 -0.0187, 1.8386 -0.4381 -0.0111, 1.8386 -0.4318 -0.0049, 1.8386 -0.4271 0.0026, 1.8386 -0.0008 0.1995, 1.8386 0.0021 0.2078, 1.8386 0.0031 0.2165, 1.8386 -0.4455 -0.0158, 1.8386 -0.4242 0.0109, 1.8386 -0.0192 0.1811, 1.8386 -0.0117 0.1858, 1.8386 -0.0055 0.192, 1.8386 -0.0275 0.1782, 1.8386 -0.9341 0.0109, 1.8386 -0.9311 0.0026, 1.8386 -0.9044 -0.0187, 1.8386 -0.9264 -0.0049, 1.8386 -0.9128 -0.0158, 1.8386 -0.9202 -0.0111, 1.4449 -1.2894 1.5, 1.5325 -1.2894 1.4901, 1.6157 -1.2894 1.461, 1.6904 -1.2894 1.4141, 1.7527 -1.2894 1.3518, 1.7996 -1.2894 1.2771, 1.8287 -1.2894 1.1939, -1.4449 -1.2894 1.5, 1.4094 0.9941 1.5, -1.4094 0.9941 1.5, -1.8386 0.7579 1.1063, -1.8386 -1.2894 1.1063, -1.8287 -1.2894 1.1939, -1.7996 -1.2894 1.2771, -1.7527 -1.2894 1.3518, -1.6904 -1.2894 1.4141, -1.6157 -1.2894 1.461, -1.5325 -1.2894 1.4901, -1.8386 0.7185 1.0958, -1.8386 0.7375 1.1036, -1.8386 0.7022 1.0832, -1.8386 0.6897 1.0669, -1.8386 0.6818 1.0479, -1.8386 0.6791 1.0276, -1.8386 -0.9389 0.1549, -1.8386 0.7185 0.3058, -1.8386 0.7375 0.298, -1.8386 -0.3839 0.1772, -1.8386 -0.3926 0.1762, -1.8386 -1.2894 0.1772, -1.8386 -0.9744 0.1772, -1.8386 -0.9656 0.1762, -1.8386 0.3848 0.0109, -1.8386 0.3839 0.0197, -1.8386 0.7022 0.3183, -1.8386 -0.4146 0.1623, -1.8386 -0.4193 0.1549, -1.8386 -0.4222 0.1466, -1.8386 -0.936 0.1466, -1.8386 -0.4232 0.1378, -1.8386 -0.9436 0.1623, -1.8386 -0.9499 0.1686, -1.8386 -0.9573 0.1733, -1.8386 0.6897 0.3346, -1.8386 -0.4009 0.1733, -1.8386 -0.4084 0.1686, -1.8386 0.3753 0.2486, -1.8386 0.369 0.2549, -1.8386 0.6818 0.3536, -1.8386 0.3616 0.2596, -1.8386 0.4145 -0.0187, -1.8386 0.4061 -0.0158, -1.8386 0.3987 -0.0111, -1.8386 0.3924 -0.0049, -1.8386 0.3878 0.0026, -1.8386 0.7924 0.1686, -1.8386 0.7861 0.1623, -1.8386 0.7815 0.1549, -1.8386 0.7785 0.1466, -1.8386 0.7776 0.1378, -1.8386 0.7776 0.0197, -1.8386 0.7469 -0.0187, -1.8386 0.7737 0.0026, -1.8386 0.769 -0.0049, -1.8386 0.7627 -0.0111, -1.8386 0.6791 0.374, -1.8386 0.0337 0.2625, -1.8386 0.0254 0.2596, -1.8386 0.0179 0.2549, -1.8386 0.0117 0.2486, -1.8386 0.3839 0.2241, -1.8386 0.3829 0.2329, -1.8386 0.38 0.2412, -1.8386 0.7579 0.2953, -1.8386 0.7766 0.0109, -1.8386 0.007 0.2412, -1.8386 0.0041 0.2329, -1.8386 0.0031 0.2241, -1.8386 -0.0362 0.1772, -1.8386 0.0031 0.2165, -1.8386 -0.4232 0.0197, -1.8386 -0.935 0.0197, -1.8386 -0.935 0.1378, -1.8386 0.8169 0.1772, -1.8386 0.8082 0.1762, -1.8386 0.7998 0.1733, -1.8386 0.7553 -0.0158, -1.8386 0.3532 0.2625, -1.8386 0.3445 0.2635, -1.8386 0.2977 0.2635, -1.8386 -0.4271 0.0026, -1.8386 -0.4318 -0.0049, -1.8386 -0.4381 -0.0111, -1.8386 -0.4242 0.0109, -1.8386 -0.9311 0.0026, -1.8386 -0.9341 0.0109, -1.8386 -0.4538 -0.0187, -1.8386 0.0021 0.2078, -1.8386 -0.0008 0.1995, -1.8386 -0.0055 0.192, -1.8386 -0.4455 -0.0158, -1.8386 -0.9128 -0.0158, -1.8386 -0.9202 -0.0111, -1.8386 -0.9264 -0.0049, -1.8386 -0.0117 0.1858, -1.8386 -0.0192 0.1811, -1.8386 -0.0275 0.1782, -1.8386 -0.9044 -0.0187, 1.4094 1.0728 1.185, 1.4094 1.0145 1.4973, 1.4094 1.0728 1.4213, 1.4094 1.0702 1.4416, 1.4094 1.0623 1.4606, 1.4094 1.0498 1.4769, 1.4094 1.0335 1.4895, 1.412 1.0728 1.1647, 1.4199 1.0728 1.1457, 1.4324 1.0728 1.1294, 1.4487 1.0728 1.1168, 1.4677 1.0728 1.109, 1.4881 1.0728 1.1063, 1.9173 0.7579 1.1063, 1.8386 1.0728 1.1063, 1.9173 0.9941 1.1063, 1.9146 1.0145 1.1063, 1.9068 1.0335 1.1063, 1.859 1.0702 1.1063, 1.8943 1.0498 1.1063, 1.878 1.0623 1.1063, 1.9173 0.7579 0.2953, 1.9173 0.9941 0.2953, -1.9173 0.7579 0.2953, 1.8943 1.0498 0.2953, 1.9068 1.0335 0.2953, 1.9146 1.0145 0.2953, -1.9173 0.9941 0.2953, -1.9146 1.0145 0.2953, -1.9068 1.0335 0.2953, -1.859 1.0702 0.2953, -1.8386 1.0728 0.2953, 1.8386 1.0728 0.2953, 1.859 1.0702 0.2953, 1.878 1.0623 0.2953, -1.8943 1.0498 0.2953, -1.878 1.0623 0.2953, -1.9173 0.7579 1.1063, -1.9173 0.9941 1.1063, -1.9146 1.0145 1.1063, -1.8386 1.0728 1.1063, -1.859 1.0702 1.1063, -1.878 1.0623 1.1063, -1.8943 1.0498 1.1063, -1.9068 1.0335 1.1063, -1.4881 1.0728 1.1063, -1.4677 1.0728 1.109, -1.4487 1.0728 1.1168, -1.4324 1.0728 1.1294, -1.4199 1.0728 1.1457, -1.412 1.0728 1.1647, -1.4094 1.0728 1.185, -1.4094 1.0728 1.4213, -1.4094 1.0145 1.4973, -1.4094 1.0335 1.4895, -1.4094 1.0498 1.4769, -1.4094 1.0623 1.4606, -1.4094 1.0702 1.4416, -1.6024 0.0839 0.2635, -1.6024 0.2977 0.2635, -1.6024 0.0839 0.1847, -1.7598 0.0839 0.1847, -1.8359 0.0839 0.2431, -1.828 0.0839 0.2241, -1.8155 0.0839 0.2078, -1.7992 0.0839 0.1953, -1.7802 0.0839 0.1874, -1.7598 0.2977 0.1847, -1.6024 0.2977 0.1847, -1.8359 0.2977 0.2431, -1.7802 0.2977 0.1874, -1.7992 0.2977 0.1953, -1.8155 0.2977 0.2078, -1.828 0.2977 0.2241, 1.6024 0.2977 0.2635, 1.6024 0.0839 0.2635, 1.6024 0.2977 0.1847, 1.7598 0.2977 0.1847, 1.8359 0.2977 0.2431, 1.828 0.2977 0.2241, 1.8155 0.2977 0.2078, 1.7992 0.2977 0.1953, 1.7802 0.2977 0.1874, 1.7598 0.0839 0.1847, 1.6024 0.0839 0.1847, 1.8359 0.0839 0.2431, 1.828 0.0839 0.2241, 1.7802 0.0839 0.1874, 1.7992 0.0839 0.1953, 1.8155 0.0839 0.2078, 1.8155 0.0839 0.2078
            ]
        }
        coordIndex [
            0,1,2,-1,3,4,5,-1,5,6,3,-1,3,6,7,-1,3,7,8,-1,9,10,11,-1,11,10,12,-1,13,4,14,-1,14,4,15,-1,14,15,16,-1,16,15,17,-1,0,2,18,-1,18,2,5,-1,18,5,19,-1,19,5,4,-1,19,4,20,-1,1,21,2,-1,2,21,22,-1,2,22,23,-1,24,25,2,-1,2,25,26,-1,27,28,29,-1,29,28,30,-1,26,31,2,-1,2,31,30,-1,2,30,32,-1,32,30,28,-1,23,33,2,-1,2,33,34,-1,2,34,24,-1,9,35,10,-1,10,35,36,-1,10,36,37,-1,37,36,38,-1,37,38,39,-1,40,41,13,-1,13,41,42,-1,13,42,4,-1,4,42,43,-1,4,43,44,-1,38,45,39,-1,39,45,46,-1,39,46,13,-1,13,46,47,-1,13,47,40,-1,44,48,4,-1,4,48,49,-1,4,49,20,-1,50,51,52,-1,52,51,53,-1,52,53,17,-1,17,53,12,-1,17,12,16,-1,16,12,10,-1,54,55,56,-1,57,58,59,-1,59,58,60,-1,61,59,62,-1,62,59,60,-1,62,60,63,-1,63,60,64,-1,56,65,54,-1,54,65,66,-1,54,66,67,-1,68,69,70,-1,70,69,71,-1,71,72,70,-1,70,72,73,-1,70,73,74,-1,74,75,70,-1,70,75,76,-1,70,76,54,-1,54,76,77,-1,54,77,55,-1,3,78,4,-1,4,78,61,-1,4,61,79,-1,79,61,62,-1,79,62,80,-1,3,81,63,-1,82,3,83,-1,83,3,84,-1,83,84,85,-1,85,84,79,-1,85,79,70,-1,70,79,80,-1,70,80,68,-1,86,87,64,-1,64,87,88,-1,64,88,63,-1,63,88,89,-1,63,89,3,-1,3,89,90,-1,3,90,78,-1,91,92,82,-1,82,92,93,-1,82,93,3,-1,3,93,54,-1,3,54,81,-1,81,54,67,-1,94,84,95,-1,95,84,3,-1,95,3,50,-1,50,3,8,-1,50,8,51,-1,96,97,98,-1,98,97,99,-1,100,101,102,-1,102,101,103,-1,104,105,106,-1,106,105,107,-1,108,109,110,-1,110,109,111,-1,112,113,114,-1,114,113,115,-1,116,117,118,-1,118,117,119,-1,120,121,122,-1,122,121,123,-1,122,123,124,-1,124,123,125,-1,126,127,128,-1,128,127,129,-1,128,129,125,-1,125,129,130,-1,125,130,124,-1,131,132,133,-1,134,135,136,-1,136,135,137,-1,136,137,138,-1,138,137,139,-1,138,139,140,-1,140,139,131,-1,140,131,141,-1,141,131,133,-1,142,143,144,-1,144,143,145,-1,144,145,146,-1,114,115,147,-1,114,147,148,-1,148,147,149,-1,149,147,150,-1,149,150,151,-1,151,150,133,-1,133,150,152,-1,133,152,141,-1,141,152,153,-1,141,153,140,-1,140,153,154,-1,140,154,138,-1,138,154,155,-1,138,155,136,-1,156,109,108,-1,136,155,134,-1,134,155,156,-1,134,156,157,-1,157,156,108,-1,157,108,158,-1,159,160,161,-1,159,161,162,-1,162,161,163,-1,162,163,164,-1,164,163,165,-1,164,165,166,-1,166,165,167,-1,166,167,168,-1,168,167,169,-1,168,169,170,-1,170,169,171,-1,170,171,172,-1,172,171,173,-1,172,173,174,-1,174,173,146,-1,174,146,145,-1,175,176,159,-1,159,176,160,-1,84,94,177,-1,178,79,84,-1,179,113,112,-1,84,177,178,-1,178,177,180,-1,178,180,181,-1,181,180,182,-1,181,182,183,-1,183,182,184,-1,183,184,185,-1,185,184,186,-1,185,186,187,-1,187,186,188,-1,187,188,189,-1,189,188,179,-1,189,179,190,-1,190,179,112,-1,190,112,191,-1,192,193,194,-1,192,194,195,-1,195,194,196,-1,195,196,197,-1,197,196,198,-1,197,198,199,-1,199,198,200,-1,199,200,201,-1,201,200,202,-1,201,202,203,-1,203,202,204,-1,203,204,205,-1,205,204,206,-1,205,206,207,-1,207,206,176,-1,207,176,175,-1,208,209,210,-1,210,209,193,-1,210,193,192,-1,17,15,211,-1,118,119,212,-1,118,212,213,-1,213,212,214,-1,214,212,215,-1,214,215,216,-1,216,215,217,-1,216,217,218,-1,218,217,219,-1,218,219,220,-1,220,219,221,-1,220,221,222,-1,222,221,223,-1,222,223,224,-1,224,223,225,-1,224,225,211,-1,211,225,52,-1,211,52,17,-1,226,227,228,-1,226,228,229,-1,229,228,230,-1,229,230,231,-1,231,230,232,-1,231,232,233,-1,233,232,234,-1,233,234,235,-1,235,234,236,-1,235,236,237,-1,237,236,238,-1,237,238,239,-1,239,238,240,-1,239,240,241,-1,241,240,209,-1,241,209,208,-1,242,243,226,-1,226,243,227,-1,110,111,244,-1,110,244,245,-1,246,124,247,-1,247,124,130,-1,247,130,248,-1,248,130,129,-1,248,129,249,-1,249,129,127,-1,249,127,244,-1,244,127,250,-1,244,250,245,-1,251,120,246,-1,246,120,122,-1,246,122,124,-1,252,117,116,-1,246,253,251,-1,251,253,252,-1,251,252,254,-1,254,252,116,-1,254,116,255,-1,143,142,256,-1,143,256,257,-1,257,256,258,-1,257,258,259,-1,259,258,260,-1,259,260,261,-1,261,260,262,-1,261,262,263,-1,263,262,264,-1,263,264,265,-1,265,264,266,-1,265,266,267,-1,267,266,268,-1,267,268,269,-1,269,268,243,-1,269,243,242,-1,270,271,272,-1,272,271,273,-1,272,273,274,-1,274,273,275,-1,274,275,276,-1,276,275,277,-1,276,277,278,-1,278,277,279,-1,278,279,280,-1,280,279,281,-1,280,281,282,-1,282,281,283,-1,282,283,284,-1,284,283,285,-1,284,285,286,-1,287,288,289,-1,289,288,290,-1,289,290,291,-1,291,290,292,-1,291,292,293,-1,293,292,294,-1,293,294,295,-1,285,296,286,-1,286,296,297,-1,286,297,298,-1,298,297,299,-1,298,299,300,-1,300,299,301,-1,300,301,302,-1,302,301,303,-1,302,303,304,-1,304,303,305,-1,304,305,306,-1,306,305,307,-1,306,307,308,-1,308,307,309,-1,308,309,310,-1,310,309,311,-1,310,311,287,-1,287,311,312,-1,287,312,288,-1,313,314,315,-1,315,314,316,-1,315,316,317,-1,317,316,318,-1,317,318,319,-1,319,318,320,-1,319,320,321,-1,321,320,322,-1,321,322,323,-1,323,322,324,-1,323,324,325,-1,325,324,326,-1,325,326,327,-1,327,326,328,-1,327,328,270,-1,270,328,329,-1,270,329,271,-1,294,330,295,-1,295,330,331,-1,295,331,332,-1,332,331,333,-1,332,333,334,-1,334,333,335,-1,334,335,336,-1,336,335,337,-1,336,337,313,-1,313,337,338,-1,313,338,314,-1,339,278,340,-1,340,278,280,-1,340,280,341,-1,341,280,282,-1,341,282,342,-1,342,282,284,-1,342,284,343,-1,343,284,286,-1,343,286,344,-1,344,286,298,-1,344,298,345,-1,345,298,300,-1,345,300,346,-1,346,300,302,-1,346,302,347,-1,347,302,304,-1,348,349,350,-1,347,304,350,-1,350,304,306,-1,350,306,348,-1,348,306,351,-1,351,306,308,-1,351,308,352,-1,352,308,310,-1,352,310,121,-1,121,310,287,-1,293,126,291,-1,291,126,128,-1,291,128,289,-1,289,128,125,-1,289,125,287,-1,287,125,123,-1,287,123,121,-1,295,353,293,-1,293,353,354,-1,293,354,126,-1,332,355,295,-1,295,355,353,-1,355,332,356,-1,356,332,334,-1,317,132,315,-1,315,132,131,-1,315,131,313,-1,313,131,139,-1,313,139,336,-1,336,139,137,-1,336,137,334,-1,334,137,135,-1,334,135,356,-1,321,357,319,-1,319,357,358,-1,319,358,317,-1,317,358,359,-1,317,359,132,-1,360,357,361,-1,361,357,321,-1,361,321,362,-1,362,321,323,-1,362,323,363,-1,363,323,325,-1,363,325,364,-1,364,325,327,-1,364,327,365,-1,365,327,270,-1,365,270,366,-1,366,270,272,-1,366,272,367,-1,367,272,274,-1,367,274,368,-1,368,274,276,-1,368,276,339,-1,339,276,278,-1,369,370,349,-1,349,370,350,-1,371,372,361,-1,361,372,360,-1,371,361,191,-1,191,361,362,-1,191,362,190,-1,190,362,363,-1,190,363,189,-1,189,363,364,-1,189,364,187,-1,187,364,365,-1,187,365,185,-1,185,365,366,-1,344,220,343,-1,343,220,222,-1,343,222,342,-1,342,222,224,-1,342,224,341,-1,341,224,211,-1,341,211,340,-1,350,370,347,-1,347,370,213,-1,347,213,346,-1,346,213,214,-1,346,214,345,-1,345,214,216,-1,345,216,344,-1,344,216,218,-1,344,218,220,-1,211,15,340,-1,340,15,4,-1,340,4,339,-1,339,4,79,-1,339,79,368,-1,368,79,178,-1,368,178,367,-1,367,178,181,-1,367,181,366,-1,366,181,183,-1,366,183,185,-1,333,331,373,-1,373,331,374,-1,373,374,146,-1,146,374,144,-1,333,373,375,-1,333,375,335,-1,335,375,376,-1,335,376,337,-1,337,376,377,-1,337,377,338,-1,338,377,378,-1,338,378,314,-1,314,378,379,-1,314,379,316,-1,316,379,380,-1,316,380,318,-1,318,380,381,-1,318,381,320,-1,320,381,382,-1,320,382,322,-1,160,382,161,-1,161,382,381,-1,161,381,163,-1,163,381,380,-1,163,380,165,-1,165,380,379,-1,165,379,167,-1,167,379,378,-1,167,378,169,-1,169,378,377,-1,169,377,171,-1,171,377,376,-1,171,376,173,-1,173,376,375,-1,173,375,146,-1,146,375,373,-1,382,383,322,-1,322,383,324,-1,160,176,382,-1,382,176,383,-1,324,383,384,-1,324,384,326,-1,326,384,385,-1,326,385,328,-1,328,385,386,-1,328,386,329,-1,329,386,387,-1,329,387,271,-1,271,387,388,-1,271,388,273,-1,273,388,389,-1,273,389,275,-1,275,389,390,-1,275,390,277,-1,277,390,391,-1,277,391,279,-1,193,391,194,-1,194,391,390,-1,194,390,196,-1,196,390,389,-1,196,389,198,-1,198,389,388,-1,198,388,200,-1,200,388,387,-1,200,387,202,-1,202,387,386,-1,202,386,204,-1,204,386,385,-1,204,385,206,-1,206,385,384,-1,206,384,176,-1,176,384,383,-1,391,392,279,-1,279,392,281,-1,193,209,391,-1,391,209,392,-1,281,392,393,-1,281,393,283,-1,283,393,394,-1,283,394,285,-1,285,394,395,-1,285,395,296,-1,296,395,396,-1,296,396,297,-1,297,396,397,-1,297,397,299,-1,299,397,398,-1,299,398,301,-1,301,398,399,-1,301,399,303,-1,303,399,400,-1,303,400,305,-1,227,400,228,-1,228,400,399,-1,228,399,230,-1,230,399,398,-1,230,398,232,-1,232,398,397,-1,232,397,234,-1,234,397,396,-1,234,396,236,-1,236,396,395,-1,236,395,238,-1,238,395,394,-1,238,394,240,-1,240,394,393,-1,240,393,209,-1,209,393,392,-1,400,401,305,-1,305,401,307,-1,227,243,400,-1,400,243,401,-1,307,401,402,-1,307,402,309,-1,309,402,403,-1,309,403,311,-1,311,403,404,-1,311,404,312,-1,312,404,405,-1,312,405,288,-1,288,405,406,-1,288,406,290,-1,290,406,407,-1,290,407,292,-1,292,407,408,-1,292,408,294,-1,294,408,409,-1,294,409,330,-1,142,409,256,-1,256,409,408,-1,256,408,258,-1,258,408,407,-1,258,407,260,-1,260,407,406,-1,260,406,262,-1,262,406,405,-1,262,405,264,-1,264,405,404,-1,264,404,266,-1,266,404,403,-1,266,403,268,-1,268,403,402,-1,268,402,243,-1,243,402,401,-1,409,374,330,-1,330,374,331,-1,142,144,409,-1,409,144,374,-1,410,411,412,-1,412,411,413,-1,410,414,411,-1,411,414,415,-1,411,415,95,-1,95,415,94,-1,410,210,414,-1,414,210,192,-1,416,417,418,-1,416,418,419,-1,419,418,420,-1,419,420,421,-1,421,420,422,-1,421,422,423,-1,423,422,424,-1,423,424,425,-1,425,424,426,-1,425,426,427,-1,427,426,428,-1,427,428,429,-1,429,428,430,-1,429,430,431,-1,431,430,415,-1,431,415,414,-1,94,415,177,-1,177,415,430,-1,177,430,180,-1,180,430,428,-1,180,428,182,-1,182,428,426,-1,182,426,184,-1,184,426,424,-1,184,424,186,-1,186,424,422,-1,186,422,188,-1,188,422,420,-1,188,420,179,-1,179,420,418,-1,179,418,113,-1,113,418,417,-1,175,416,207,-1,207,416,419,-1,207,419,205,-1,205,419,421,-1,205,421,203,-1,203,421,423,-1,203,423,201,-1,201,423,425,-1,201,425,199,-1,199,425,427,-1,199,427,197,-1,197,427,429,-1,197,429,195,-1,195,429,431,-1,195,431,192,-1,192,431,414,-1,416,432,417,-1,417,432,433,-1,417,433,113,-1,113,433,115,-1,416,175,432,-1,432,175,159,-1,434,435,436,-1,434,436,437,-1,437,436,438,-1,437,438,439,-1,439,438,440,-1,439,440,441,-1,441,440,442,-1,441,442,443,-1,443,442,444,-1,443,444,445,-1,445,444,446,-1,445,446,447,-1,447,446,448,-1,447,448,449,-1,449,448,433,-1,449,433,432,-1,115,433,147,-1,147,433,448,-1,147,448,150,-1,150,448,446,-1,150,446,152,-1,152,446,444,-1,152,444,153,-1,153,444,442,-1,153,442,154,-1,154,442,440,-1,154,440,155,-1,155,440,438,-1,155,438,156,-1,156,438,436,-1,156,436,109,-1,109,436,435,-1,145,434,174,-1,174,434,437,-1,174,437,172,-1,172,437,439,-1,172,439,170,-1,170,439,441,-1,170,441,168,-1,168,441,443,-1,168,443,166,-1,166,443,445,-1,166,445,164,-1,164,445,447,-1,164,447,162,-1,162,447,449,-1,162,449,159,-1,159,449,432,-1,434,450,435,-1,435,450,451,-1,435,451,109,-1,109,451,111,-1,434,145,450,-1,450,145,143,-1,452,453,454,-1,452,454,455,-1,455,454,456,-1,455,456,457,-1,457,456,458,-1,457,458,459,-1,459,458,460,-1,459,460,461,-1,461,460,462,-1,461,462,463,-1,463,462,464,-1,463,464,465,-1,465,464,466,-1,465,466,467,-1,467,466,451,-1,467,451,450,-1,111,451,244,-1,244,451,466,-1,244,466,249,-1,249,466,464,-1,249,464,248,-1,248,464,462,-1,248,462,247,-1,247,462,460,-1,247,460,246,-1,246,460,458,-1,246,458,253,-1,253,458,456,-1,253,456,252,-1,252,456,454,-1,252,454,117,-1,117,454,453,-1,242,452,269,-1,269,452,455,-1,269,455,267,-1,267,455,457,-1,267,457,265,-1,265,457,459,-1,265,459,263,-1,263,459,461,-1,263,461,261,-1,261,461,463,-1,261,463,259,-1,259,463,465,-1,259,465,257,-1,257,465,467,-1,257,467,143,-1,143,467,450,-1,452,468,453,-1,453,468,469,-1,453,469,117,-1,117,469,119,-1,452,242,468,-1,468,242,226,-1,412,413,470,-1,412,470,471,-1,471,470,472,-1,471,472,473,-1,473,472,474,-1,473,474,475,-1,475,474,476,-1,475,476,477,-1,477,476,478,-1,477,478,479,-1,479,478,480,-1,479,480,481,-1,481,480,482,-1,481,482,483,-1,483,482,469,-1,483,469,468,-1,119,469,212,-1,212,469,482,-1,212,482,215,-1,215,482,480,-1,215,480,217,-1,217,480,478,-1,217,478,219,-1,219,478,476,-1,219,476,221,-1,221,476,474,-1,221,474,223,-1,223,474,472,-1,223,472,225,-1,225,472,470,-1,225,470,52,-1,52,470,413,-1,208,412,241,-1,241,412,471,-1,241,471,239,-1,239,471,473,-1,239,473,237,-1,237,473,475,-1,237,475,235,-1,235,475,477,-1,235,477,233,-1,233,477,479,-1,233,479,231,-1,231,479,481,-1,231,481,229,-1,229,481,483,-1,229,483,226,-1,226,483,468,-1,52,413,50,-1,50,413,411,-1,50,411,95,-1,410,412,210,-1,210,412,208,-1,484,485,486,-1,486,485,110,-1,486,110,245,-1,158,487,157,-1,157,487,134,-1,372,488,360,-1,360,488,489,-1,360,489,349,-1,349,489,369,-1,490,491,360,-1,352,121,492,-1,360,493,494,-1,352,492,351,-1,495,491,496,-1,495,497,491,-1,491,497,498,-1,491,498,360,-1,360,498,499,-1,360,499,493,-1,490,360,500,-1,500,360,349,-1,500,349,492,-1,492,349,348,-1,492,348,351,-1,494,132,359,-1,496,501,495,-1,495,501,502,-1,495,502,503,-1,359,358,494,-1,494,358,357,-1,494,357,360,-1,356,135,503,-1,126,354,502,-1,502,354,353,-1,502,353,503,-1,503,353,355,-1,503,355,356,-1,127,486,250,-1,250,486,245,-1,120,251,504,-1,504,251,254,-1,504,254,255,-1,148,505,114,-1,114,505,506,-1,507,508,509,-1,509,508,510,-1,511,512,369,-1,507,513,508,-1,508,513,514,-1,508,514,515,-1,515,514,516,-1,517,213,518,-1,518,213,519,-1,520,213,521,-1,521,213,517,-1,521,517,508,-1,508,517,522,-1,508,522,510,-1,520,523,213,-1,213,523,524,-1,213,524,118,-1,118,524,525,-1,118,525,526,-1,512,527,369,-1,369,527,528,-1,369,528,529,-1,101,530,370,-1,531,532,533,-1,533,532,534,-1,533,534,535,-1,536,537,213,-1,213,537,538,-1,213,538,539,-1,511,369,540,-1,540,369,489,-1,540,489,541,-1,534,542,535,-1,535,542,543,-1,535,543,544,-1,544,543,545,-1,544,545,546,-1,546,545,527,-1,546,527,547,-1,547,527,512,-1,530,548,370,-1,370,548,549,-1,370,549,213,-1,213,549,550,-1,213,550,536,-1,531,551,532,-1,532,551,552,-1,532,552,553,-1,553,552,554,-1,555,556,516,-1,516,556,557,-1,516,557,515,-1,558,559,560,-1,560,559,561,-1,531,562,551,-1,551,562,559,-1,551,559,563,-1,563,559,558,-1,564,565,566,-1,567,568,569,-1,539,570,213,-1,213,570,571,-1,213,571,572,-1,567,569,573,-1,574,575,576,-1,576,575,556,-1,576,556,577,-1,577,556,555,-1,577,555,578,-1,529,96,369,-1,369,96,98,-1,369,98,370,-1,370,98,103,-1,370,103,101,-1,572,579,213,-1,213,579,580,-1,213,580,519,-1,554,552,566,-1,566,552,581,-1,566,581,564,-1,573,569,555,-1,555,569,582,-1,555,582,578,-1,583,584,585,-1,574,576,585,-1,585,576,586,-1,585,586,583,-1,587,588,589,-1,589,588,590,-1,591,592,593,-1,593,592,594,-1,595,596,551,-1,551,596,552,-1,597,598,577,-1,577,598,576,-1,505,599,600,-1,600,599,601,-1,600,601,602,-1,602,601,603,-1,602,603,604,-1,604,603,605,-1,604,605,606,-1,606,605,607,-1,606,607,608,-1,608,607,609,-1,608,609,610,-1,610,609,611,-1,610,611,612,-1,612,611,613,-1,612,613,487,-1,487,613,614,-1,486,615,484,-1,484,615,616,-1,484,616,617,-1,617,616,618,-1,617,618,619,-1,619,618,620,-1,619,620,621,-1,621,620,622,-1,621,622,623,-1,623,622,624,-1,623,624,625,-1,625,624,626,-1,625,626,627,-1,627,626,628,-1,627,628,504,-1,504,628,629,-1,630,631,632,-1,632,631,488,-1,633,632,488,-1,634,635,191,-1,636,637,371,-1,638,191,639,-1,639,191,640,-1,641,642,191,-1,191,642,643,-1,191,643,634,-1,640,191,644,-1,644,191,112,-1,644,112,645,-1,646,647,648,-1,648,647,191,-1,648,191,649,-1,649,191,638,-1,650,651,648,-1,648,651,652,-1,648,652,646,-1,653,654,372,-1,372,654,655,-1,372,655,656,-1,657,488,658,-1,658,488,372,-1,658,372,659,-1,659,372,656,-1,660,661,657,-1,657,661,662,-1,657,662,663,-1,647,664,191,-1,191,664,665,-1,191,665,666,-1,635,667,191,-1,191,667,668,-1,191,668,371,-1,371,668,669,-1,371,669,636,-1,670,671,660,-1,660,671,672,-1,660,672,661,-1,663,673,657,-1,657,673,674,-1,657,674,488,-1,488,674,675,-1,488,675,633,-1,666,676,191,-1,191,676,677,-1,191,677,641,-1,588,670,678,-1,679,680,681,-1,681,680,682,-1,681,682,683,-1,683,682,684,-1,683,684,648,-1,648,684,685,-1,648,685,650,-1,670,588,671,-1,671,588,587,-1,671,587,686,-1,637,105,371,-1,371,105,104,-1,371,104,372,-1,372,104,687,-1,372,687,653,-1,688,689,690,-1,679,592,680,-1,680,592,591,-1,680,591,691,-1,692,693,694,-1,678,695,588,-1,588,695,688,-1,588,688,696,-1,696,688,690,-1,697,587,698,-1,698,587,699,-1,697,700,587,-1,587,700,701,-1,587,701,686,-1,691,702,680,-1,680,702,692,-1,680,692,703,-1,703,692,694,-1,679,704,592,-1,592,704,705,-1,592,705,706,-1,706,705,707,-1,706,707,708,-1,708,707,709,-1,612,710,610,-1,610,710,711,-1,610,711,608,-1,608,711,712,-1,608,712,606,-1,606,712,713,-1,606,713,604,-1,604,713,714,-1,604,714,602,-1,602,714,715,-1,602,715,600,-1,600,715,716,-1,600,716,505,-1,505,716,506,-1,158,108,487,-1,487,108,710,-1,487,710,612,-1,504,717,627,-1,627,717,718,-1,627,718,625,-1,625,718,719,-1,625,719,623,-1,623,719,720,-1,623,720,621,-1,621,720,721,-1,621,721,619,-1,619,721,722,-1,619,722,617,-1,617,722,723,-1,617,723,484,-1,484,723,485,-1,717,504,116,-1,116,504,255,-1,724,725,726,-1,726,727,728,-1,728,729,726,-1,726,729,730,-1,726,730,724,-1,731,732,733,-1,727,734,735,-1,735,734,736,-1,735,736,737,-1,738,739,740,-1,741,742,743,-1,743,742,744,-1,745,746,726,-1,726,746,747,-1,726,747,727,-1,727,747,748,-1,727,748,734,-1,737,749,750,-1,750,749,751,-1,752,753,754,-1,754,753,755,-1,754,755,756,-1,756,757,754,-1,754,757,758,-1,754,758,759,-1,744,760,743,-1,743,760,761,-1,743,761,740,-1,740,761,762,-1,740,762,738,-1,763,752,595,-1,595,752,754,-1,595,754,596,-1,596,754,740,-1,596,740,764,-1,764,740,739,-1,99,97,733,-1,733,97,765,-1,733,765,731,-1,732,766,733,-1,733,766,767,-1,733,767,741,-1,741,767,768,-1,741,768,742,-1,750,769,737,-1,737,769,770,-1,737,770,771,-1,771,772,737,-1,737,772,773,-1,737,773,774,-1,775,776,777,-1,777,776,778,-1,777,778,779,-1,780,781,782,-1,782,781,759,-1,782,759,783,-1,783,759,758,-1,784,785,751,-1,751,785,786,-1,751,786,750,-1,787,788,774,-1,774,788,789,-1,774,789,737,-1,737,789,790,-1,737,790,791,-1,791,792,737,-1,737,792,793,-1,737,793,735,-1,735,793,794,-1,735,794,795,-1,795,794,100,-1,795,100,733,-1,733,100,102,-1,733,102,99,-1,763,595,777,-1,777,595,796,-1,777,796,775,-1,784,598,785,-1,785,598,597,-1,785,597,797,-1,798,799,800,-1,801,802,787,-1,787,802,803,-1,787,803,788,-1,797,804,785,-1,785,804,798,-1,785,798,805,-1,805,798,800,-1,806,807,808,-1,801,787,808,-1,808,787,809,-1,808,809,806,-1,784,810,598,-1,598,810,811,-1,598,811,812,-1,812,811,813,-1,812,813,814,-1,814,813,815,-1,725,629,628,-1,616,816,817,-1,616,817,618,-1,618,817,818,-1,618,818,620,-1,620,818,819,-1,620,819,622,-1,622,819,820,-1,622,820,624,-1,624,820,821,-1,624,821,626,-1,626,821,822,-1,626,822,628,-1,628,822,726,-1,628,726,725,-1,614,613,823,-1,816,616,615,-1,824,825,615,-1,615,825,614,-1,615,614,816,-1,816,614,823,-1,826,827,828,-1,601,599,826,-1,826,828,601,-1,601,828,829,-1,601,829,603,-1,603,829,830,-1,603,830,605,-1,605,830,831,-1,605,831,607,-1,607,831,832,-1,607,832,609,-1,609,832,833,-1,609,833,611,-1,611,833,823,-1,611,823,613,-1,834,827,835,-1,835,827,826,-1,834,836,827,-1,827,836,837,-1,827,837,838,-1,838,839,840,-1,841,842,589,-1,843,844,840,-1,845,827,846,-1,846,827,847,-1,848,849,850,-1,851,852,840,-1,840,852,853,-1,840,853,854,-1,854,853,855,-1,840,856,838,-1,838,856,857,-1,838,857,827,-1,827,857,858,-1,827,858,847,-1,850,849,859,-1,844,860,840,-1,840,860,861,-1,840,861,851,-1,862,863,864,-1,864,863,865,-1,589,590,841,-1,841,590,866,-1,841,866,867,-1,867,868,841,-1,841,868,869,-1,841,869,850,-1,850,869,870,-1,850,870,848,-1,871,872,842,-1,842,872,873,-1,873,874,842,-1,842,874,875,-1,842,875,589,-1,589,875,876,-1,589,876,877,-1,878,879,880,-1,106,107,881,-1,881,107,882,-1,881,882,839,-1,839,882,883,-1,839,883,840,-1,840,883,884,-1,840,884,885,-1,849,886,859,-1,859,886,887,-1,859,887,864,-1,864,887,888,-1,864,888,862,-1,889,631,630,-1,878,880,890,-1,885,891,840,-1,840,891,892,-1,840,892,843,-1,843,892,893,-1,843,893,894,-1,894,893,895,-1,896,897,855,-1,855,897,898,-1,855,898,854,-1,630,899,889,-1,889,899,900,-1,889,900,842,-1,842,900,901,-1,842,901,871,-1,890,880,876,-1,876,880,902,-1,876,902,877,-1,865,903,864,-1,864,903,904,-1,864,904,881,-1,881,904,905,-1,881,905,106,-1,906,907,908,-1,906,908,909,-1,910,911,594,-1,594,911,897,-1,594,897,593,-1,593,897,896,-1,593,896,912,-1,895,913,894,-1,894,913,914,-1,894,914,915,-1,909,908,896,-1,896,908,916,-1,896,916,912,-1,917,918,919,-1,915,920,894,-1,894,920,921,-1,894,921,922,-1,910,594,919,-1,919,594,923,-1,919,923,917,-1,541,489,780,-1,780,489,781,-1,827,845,112,-1,112,845,645,-1,526,745,118,-1,118,745,726,-1,118,726,116,-1,112,114,827,-1,827,114,506,-1,827,506,828,-1,828,506,716,-1,828,716,829,-1,829,716,715,-1,829,715,830,-1,830,715,714,-1,830,714,831,-1,831,714,713,-1,831,713,832,-1,832,713,712,-1,832,712,833,-1,833,712,711,-1,833,711,823,-1,711,710,823,-1,823,710,108,-1,823,108,816,-1,108,110,816,-1,816,110,485,-1,816,485,817,-1,817,485,723,-1,817,723,818,-1,818,723,722,-1,818,722,819,-1,819,722,721,-1,819,721,820,-1,820,721,720,-1,820,720,821,-1,821,720,719,-1,821,719,822,-1,822,719,718,-1,822,718,726,-1,726,718,717,-1,726,717,116,-1,126,502,924,-1,824,615,486,-1,824,486,925,-1,126,924,127,-1,127,924,926,-1,127,926,486,-1,486,926,927,-1,486,927,928,-1,928,929,486,-1,486,929,930,-1,486,930,925,-1,924,502,931,-1,931,502,501,-1,931,501,932,-1,932,501,496,-1,932,496,933,-1,933,496,491,-1,933,491,934,-1,934,491,490,-1,934,490,935,-1,935,490,500,-1,935,500,936,-1,936,500,492,-1,936,492,121,-1,629,725,937,-1,936,121,938,-1,937,939,629,-1,629,939,940,-1,629,940,941,-1,121,120,938,-1,938,120,504,-1,938,504,942,-1,942,504,629,-1,941,943,629,-1,629,943,944,-1,629,944,942,-1,945,759,946,-1,946,759,781,-1,631,889,947,-1,948,949,781,-1,781,949,950,-1,781,950,946,-1,947,951,631,-1,631,951,952,-1,631,952,953,-1,631,954,488,-1,488,954,955,-1,488,955,489,-1,955,956,489,-1,489,956,957,-1,489,957,781,-1,781,957,958,-1,781,958,948,-1,953,959,631,-1,631,959,960,-1,631,960,954,-1,961,826,962,-1,962,826,599,-1,962,599,963,-1,964,965,599,-1,599,965,966,-1,966,967,599,-1,599,967,968,-1,599,968,963,-1,599,505,964,-1,964,505,133,-1,964,133,969,-1,969,133,132,-1,969,132,494,-1,969,494,970,-1,970,494,493,-1,970,493,971,-1,971,493,499,-1,971,499,972,-1,972,499,498,-1,972,498,973,-1,973,498,497,-1,973,497,974,-1,974,497,495,-1,974,495,975,-1,975,495,503,-1,975,503,135,-1,975,135,976,-1,614,825,487,-1,487,825,977,-1,977,978,487,-1,487,978,979,-1,487,979,980,-1,135,134,976,-1,976,134,487,-1,976,487,981,-1,981,487,980,-1,938,956,936,-1,936,956,935,-1,972,933,971,-1,971,933,955,-1,972,973,933,-1,933,973,974,-1,933,974,932,-1,955,933,956,-1,956,933,934,-1,956,934,935,-1,964,969,955,-1,955,969,970,-1,955,970,971,-1,976,926,975,-1,975,926,924,-1,975,924,974,-1,974,924,931,-1,974,931,932,-1,148,149,505,-1,505,149,151,-1,505,151,133,-1,745,526,746,-1,746,526,525,-1,751,557,784,-1,784,557,556,-1,784,556,575,-1,784,575,810,-1,810,575,574,-1,810,574,811,-1,811,574,585,-1,811,585,813,-1,813,585,584,-1,813,584,815,-1,815,584,583,-1,815,583,814,-1,814,583,586,-1,814,586,812,-1,812,586,576,-1,812,576,598,-1,746,525,747,-1,747,525,524,-1,747,524,748,-1,748,524,523,-1,748,523,734,-1,734,523,520,-1,734,520,736,-1,736,520,521,-1,736,521,737,-1,737,521,508,-1,737,508,749,-1,749,508,515,-1,749,515,751,-1,751,515,557,-1,897,679,898,-1,898,679,681,-1,679,897,911,-1,679,911,704,-1,704,911,910,-1,704,910,705,-1,705,910,919,-1,705,919,707,-1,707,919,918,-1,707,918,709,-1,709,918,917,-1,709,917,708,-1,708,917,923,-1,708,923,706,-1,706,923,594,-1,706,594,592,-1,846,644,845,-1,845,644,645,-1,644,846,640,-1,640,846,847,-1,640,847,639,-1,639,847,858,-1,639,858,638,-1,638,858,857,-1,638,857,649,-1,649,857,856,-1,649,856,648,-1,648,856,840,-1,648,840,683,-1,683,840,854,-1,683,854,681,-1,681,854,898,-1,595,551,563,-1,595,563,796,-1,796,563,558,-1,796,558,775,-1,775,558,560,-1,775,560,776,-1,776,560,561,-1,776,561,778,-1,778,561,559,-1,778,559,779,-1,779,559,562,-1,779,562,777,-1,777,562,531,-1,777,531,763,-1,763,531,752,-1,752,531,533,-1,782,540,780,-1,780,540,541,-1,752,533,753,-1,753,533,535,-1,753,535,755,-1,755,535,544,-1,755,544,756,-1,756,544,546,-1,756,546,757,-1,757,546,547,-1,757,547,758,-1,758,547,512,-1,758,512,783,-1,783,512,511,-1,783,511,782,-1,782,511,540,-1,591,593,912,-1,591,912,691,-1,691,912,916,-1,691,916,702,-1,702,916,908,-1,702,908,692,-1,692,908,907,-1,692,907,693,-1,693,907,906,-1,693,906,694,-1,694,906,909,-1,694,909,703,-1,703,909,896,-1,703,896,680,-1,855,682,896,-1,896,682,680,-1,682,855,684,-1,684,855,853,-1,684,853,685,-1,685,853,852,-1,685,852,650,-1,650,852,851,-1,650,851,651,-1,651,851,861,-1,651,861,652,-1,652,861,860,-1,652,860,646,-1,646,860,844,-1,646,844,647,-1,647,844,843,-1,894,664,843,-1,843,664,647,-1,664,894,922,-1,664,922,665,-1,665,922,921,-1,665,921,666,-1,666,921,920,-1,666,920,676,-1,676,920,915,-1,676,915,677,-1,677,915,914,-1,677,914,641,-1,641,914,913,-1,641,913,642,-1,642,913,895,-1,642,895,643,-1,893,634,895,-1,895,634,643,-1,634,893,635,-1,635,893,892,-1,635,892,667,-1,667,892,891,-1,667,891,668,-1,668,891,885,-1,668,885,669,-1,669,885,884,-1,669,884,636,-1,636,884,883,-1,636,883,637,-1,637,883,882,-1,637,882,105,-1,105,882,107,-1,905,904,687,-1,687,904,653,-1,653,904,654,-1,654,904,903,-1,654,903,655,-1,655,903,865,-1,655,865,656,-1,656,865,863,-1,656,863,659,-1,659,863,862,-1,659,862,658,-1,658,862,888,-1,658,888,657,-1,657,888,887,-1,657,887,660,-1,660,887,886,-1,849,670,886,-1,886,670,660,-1,670,849,848,-1,670,848,678,-1,678,848,870,-1,678,870,695,-1,695,870,869,-1,695,869,688,-1,688,869,868,-1,688,868,689,-1,689,868,867,-1,689,867,690,-1,690,867,866,-1,690,866,696,-1,696,866,590,-1,696,590,588,-1,587,589,877,-1,587,877,699,-1,699,877,902,-1,699,902,698,-1,698,902,880,-1,698,880,697,-1,697,880,879,-1,697,879,700,-1,700,879,878,-1,700,878,701,-1,701,878,890,-1,701,890,686,-1,686,890,876,-1,686,876,671,-1,875,672,876,-1,876,672,671,-1,672,875,661,-1,661,875,874,-1,661,874,662,-1,662,874,873,-1,662,873,663,-1,663,873,872,-1,663,872,673,-1,673,872,871,-1,673,871,674,-1,674,871,901,-1,674,901,675,-1,675,901,900,-1,675,900,633,-1,633,900,899,-1,899,630,633,-1,633,630,632,-1,744,532,553,-1,744,553,760,-1,760,553,554,-1,760,554,761,-1,761,554,566,-1,761,566,762,-1,762,566,565,-1,762,565,738,-1,738,565,564,-1,738,564,739,-1,739,564,581,-1,739,581,764,-1,764,581,552,-1,764,552,596,-1,742,534,744,-1,744,534,532,-1,97,96,765,-1,765,96,529,-1,765,529,731,-1,731,529,528,-1,731,528,732,-1,732,528,527,-1,732,527,766,-1,766,527,545,-1,766,545,767,-1,767,545,543,-1,767,543,768,-1,768,543,542,-1,768,542,742,-1,742,542,534,-1,788,538,789,-1,789,538,537,-1,789,537,790,-1,790,537,536,-1,790,536,791,-1,791,536,550,-1,791,550,792,-1,792,550,549,-1,792,549,793,-1,793,549,548,-1,793,548,794,-1,794,548,530,-1,794,530,100,-1,100,530,101,-1,803,539,788,-1,788,539,538,-1,787,518,519,-1,787,519,809,-1,809,519,580,-1,809,580,806,-1,806,580,579,-1,806,579,807,-1,807,579,572,-1,807,572,808,-1,808,572,571,-1,808,571,801,-1,801,571,570,-1,801,570,802,-1,802,570,539,-1,802,539,803,-1,774,517,787,-1,787,517,518,-1,786,516,750,-1,750,516,514,-1,750,514,769,-1,769,514,513,-1,769,513,770,-1,770,513,507,-1,770,507,771,-1,771,507,509,-1,771,509,772,-1,772,509,510,-1,772,510,773,-1,773,510,522,-1,773,522,774,-1,774,522,517,-1,785,555,786,-1,786,555,516,-1,597,577,578,-1,597,578,797,-1,797,578,582,-1,797,582,804,-1,804,582,569,-1,804,569,798,-1,798,569,568,-1,798,568,799,-1,799,568,567,-1,799,567,800,-1,800,567,573,-1,800,573,805,-1,805,573,555,-1,805,555,785,-1,982,983,104,-1,104,983,687,-1,984,982,985,-1,985,982,104,-1,106,986,104,-1,104,986,987,-1,104,987,988,-1,988,989,104,-1,104,989,990,-1,104,990,985,-1,991,992,985,-1,985,992,984,-1,687,983,992,-1,993,905,687,-1,992,991,687,-1,687,991,994,-1,687,994,995,-1,995,996,687,-1,687,996,997,-1,687,997,993,-1,984,992,982,-1,982,992,983,-1,98,998,103,-1,103,998,999,-1,1000,998,1001,-1,1001,998,98,-1,99,1002,98,-1,98,1002,1003,-1,98,1003,1004,-1,1004,1005,98,-1,98,1005,1006,-1,98,1006,1001,-1,1007,1008,1001,-1,1001,1008,1000,-1,1009,102,103,-1,1009,103,1010,-1,999,1008,103,-1,103,1008,1007,-1,103,1007,1011,-1,1011,1012,103,-1,103,1012,1013,-1,103,1013,1010,-1,1000,1008,998,-1,998,1008,999,-1,926,976,981,-1,926,981,927,-1,927,981,980,-1,927,980,928,-1,928,980,979,-1,928,979,929,-1,929,979,978,-1,929,978,930,-1,930,978,977,-1,930,977,925,-1,925,977,825,-1,925,825,824,-1,99,102,1009,-1,99,1009,1002,-1,1002,1009,1010,-1,1002,1010,1003,-1,1003,1010,1013,-1,1003,1013,1004,-1,1004,1013,1012,-1,1004,1012,1005,-1,1005,1012,1011,-1,1005,1011,1006,-1,1006,1011,1007,-1,1006,1007,1001,-1,106,905,993,-1,106,993,986,-1,986,993,997,-1,986,997,987,-1,987,997,996,-1,987,996,988,-1,988,996,995,-1,988,995,989,-1,989,995,994,-1,989,994,990,-1,990,994,991,-1,990,991,985,-1,
        ]
    }
}
Shape{
    appearance Appearance {
        material  Material 	{
            diffuseColor 0.10196078431372549 0.10196078431372549 0.10196078431372549
            specularColor 0.0392156862745098 0.0392156862745098 0.0392156862745098
            ambientIntensity 0.2
            transparency 0
            shininess 0.5
        }
    }
    geometry IndexedFaceSet {
        ccw TRUE
        solid FALSE
        coord DEF co Coordinate {
            point [
                -0.22 -0.6575 0.1776, -0.2661 -0.7756 0.1776, -0.22 -0.6575 0.1772, -0.2661 -0.7756 0.1772, -0.2488 -0.7756 0.1776, -0.2488 -0.7756 0.1772, -0.2369 -0.7424 0.1776, -0.2369 -0.7424 0.1772, -0.1881 -0.7424 0.1776, -0.1881 -0.7424 0.1772, -0.1768 -0.7756 0.1776, -0.1768 -0.7756 0.1772, -0.1595 -0.7756 0.1776, -0.1595 -0.7756 0.1772, -0.2042 -0.6575 0.1776, -0.2042 -0.6575 0.1772, -0.1921 -0.7295 0.1776, -0.2316 -0.7295 0.1776, -0.2097 -0.6801 0.1776, -0.2108 -0.6761 0.1776, -0.2116 -0.6719 0.1776, -0.212 -0.6719 0.1776, -0.2127 -0.676 0.1776, -0.2138 -0.6801 0.1776, -0.1921 -0.7295 0.1772, -0.2316 -0.7295 0.1772, -0.2097 -0.6801 0.1772, -0.2108 -0.6761 0.1772, -0.2116 -0.6719 0.1772, -0.212 -0.6719 0.1772, -0.2127 -0.676 0.1772, -0.2138 -0.6801 0.1772, -0.0879 -0.7756 0.1776, -0.0558 -0.7756 0.1776, -0.0879 -0.7756 0.1772, -0.0558 -0.7756 0.1772, -0.0558 -0.6575 0.1776, -0.0558 -0.6575 0.1772, -0.0891 -0.6575 0.1776, -0.0891 -0.6575 0.1772, -0.1509 -0.715 0.1776, -0.1509 -0.715 0.1772, -0.15 -0.7039 0.1772, -0.15 -0.7039 0.1776, -0.1468 -0.6923 0.1772, -0.1468 -0.6923 0.1776, -0.1414 -0.6821 0.1772, -0.1414 -0.6821 0.1776, -0.133 -0.6729 0.1772, -0.133 -0.6729 0.1776, -0.1329 -0.6728 0.1772, -0.1329 -0.6728 0.1776, -0.12 -0.6641 0.1772, -0.12 -0.6641 0.1776, -0.1062 -0.6593 0.1772, -0.1062 -0.6593 0.1776, -0.1025 -0.7743 0.1772, -0.1025 -0.7743 0.1776, -0.1161 -0.7702 0.1772, -0.1161 -0.7702 0.1776, -0.1285 -0.7631 0.1772, -0.1285 -0.7631 0.1776, -0.1382 -0.7538 0.1772, -0.1382 -0.7538 0.1776, -0.145 -0.7432 0.1772, -0.145 -0.7432 0.1776, -0.1492 -0.7308 0.1772, -0.1492 -0.7308 0.1776, -0.1272 -0.687 0.1776, -0.1214 -0.6809 0.1776, -0.1128 -0.6753 0.1776, -0.1031 -0.6719 0.1776, -0.0891 -0.6704 0.1776, -0.0717 -0.6704 0.1776, -0.0717 -0.7626 0.1776, -0.0884 -0.7626 0.1776, -0.1009 -0.7614 0.1776, -0.1108 -0.7583 0.1776, -0.1189 -0.7536 0.1776, -0.1255 -0.747 0.1776, -0.1305 -0.7389 0.1776, -0.1339 -0.7278 0.1776, -0.135 -0.7154 0.1776, -0.134 -0.7036 0.1776, -0.1313 -0.6943 0.1776, -0.0891 -0.6704 0.1772, -0.0717 -0.6704 0.1772, -0.1031 -0.6719 0.1772, -0.1128 -0.6753 0.1772, -0.1214 -0.6809 0.1772, -0.1272 -0.687 0.1772, -0.1313 -0.6943 0.1772, -0.134 -0.7036 0.1772, -0.135 -0.7154 0.1772, -0.1339 -0.7278 0.1772, -0.1305 -0.7389 0.1772, -0.1255 -0.747 0.1772, -0.1189 -0.7536 0.1772, -0.1108 -0.7583 0.1772, -0.1009 -0.7614 0.1772, -0.0884 -0.7626 0.1772, -0.0717 -0.7626 0.1772, -0.0328 -0.7626 0.1776, -0.0328 -0.7756 0.1776, -0.0328 -0.7626 0.1772, -0.0328 -0.7756 0.1772, 0.0306 -0.7756 0.1776, 0.0306 -0.7756 0.1772, 0.0306 -0.6575 0.1776, 0.0306 -0.6575 0.1772, -0.0299 -0.6575 0.1776, -0.0299 -0.6575 0.1772, -0.0299 -0.6704 0.1776, -0.0299 -0.6704 0.1772, 0.0148 -0.6704 0.1776, 0.0148 -0.6704 0.1772, 0.0148 -0.7093 0.1776, 0.0148 -0.7093 0.1772, -0.027 -0.7093 0.1776, -0.027 -0.7093 0.1772, -0.027 -0.7223 0.1776, -0.027 -0.7223 0.1772, 0.0148 -0.7223 0.1776, 0.0148 -0.7223 0.1772, 0.0148 -0.7626 0.1776, 0.0148 -0.7626 0.1772, 0.0537 -0.7565 0.1776, 0.0537 -0.7694 0.1776, 0.0537 -0.7565 0.1772, 0.0537 -0.7694 0.1772, 0.0662 -0.7746 0.1776, 0.0862 -0.777 0.1776, 0.0862 -0.777 0.1772, 0.0829 -0.777 0.1772, 0.0829 -0.777 0.1776, 0.0782 -0.7763 0.1772, 0.0662 -0.7746 0.1772, 0.0931 -0.7763 0.1772, 0.1007 -0.7755 0.1776, 0.1007 -0.7755 0.1772, 0.1122 -0.7716 0.1776, 0.1122 -0.7716 0.1772, 0.1217 -0.7655 0.1776, 0.1217 -0.7655 0.1772, 0.1305 -0.7562 0.1776, 0.1305 -0.7562 0.1772, 0.1368 -0.7449 0.1776, 0.1368 -0.7449 0.1772, 0.1404 -0.7324 0.1776, 0.1404 -0.7324 0.1772, 0.1415 -0.7187 0.1776, 0.1415 -0.7187 0.1772, 0.0815 -0.656 0.1776, 0.0815 -0.656 0.1772, 0.0933 -0.657 0.1772, 0.0933 -0.657 0.1776, 0.1065 -0.6608 0.1772, 0.1065 -0.6608 0.1776, 0.1177 -0.6673 0.1772, 0.1177 -0.6673 0.1776, 0.1284 -0.6775 0.1772, 0.1284 -0.6775 0.1776, 0.1353 -0.6886 0.1772, 0.1353 -0.6886 0.1776, 0.1398 -0.702 0.1772, 0.1398 -0.702 0.1776, 0.0537 -0.6607 0.1776, 0.0537 -0.6607 0.1772, 0.0673 -0.657 0.1772, 0.0673 -0.657 0.1776, 0.0537 -0.6765 0.1776, 0.0537 -0.6765 0.1772, 0.0813 -0.669 0.1776, 0.0813 -0.669 0.1772, 0.067 -0.6708 0.1772, 0.067 -0.6708 0.1776, 0.1257 -0.7178 0.1776, 0.1257 -0.7178 0.1772, 0.1251 -0.7086 0.1772, 0.1251 -0.7086 0.1776, 0.122 -0.6959 0.1772, 0.122 -0.6959 0.1776, 0.1171 -0.6868 0.1772, 0.1171 -0.6868 0.1776, 0.11 -0.6789 0.1772, 0.11 -0.6789 0.1776, 0.1018 -0.6735 0.1772, 0.1018 -0.6735 0.1776, 0.0929 -0.6703 0.1772, 0.0929 -0.6703 0.1776, 0.084 -0.764 0.1776, 0.084 -0.764 0.1772, 0.095 -0.7628 0.1772, 0.095 -0.7628 0.1776, 0.1036 -0.7596 0.1772, 0.1036 -0.7596 0.1776, 0.1108 -0.7548 0.1772, 0.1108 -0.7548 0.1776, 0.1164 -0.7489 0.1772, 0.1164 -0.7489 0.1776, 0.1213 -0.7407 0.1772, 0.1213 -0.7407 0.1776, 0.1245 -0.7306 0.1772, 0.1245 -0.7306 0.1776, 0.0558 -0.7577 0.1772, 0.0558 -0.7577 0.1776, 0.0683 -0.7623 0.1772, 0.0683 -0.7623 0.1776, 0.1516 -0.7626 0.1776, 0.1516 -0.7756 0.1776, 0.1516 -0.7626 0.1772, 0.1516 -0.7756 0.1772, 0.2121 -0.7756 0.1776, 0.2121 -0.7756 0.1772, 0.2121 -0.6575 0.1776, 0.2121 -0.6575 0.1772, 0.1963 -0.6575 0.1776, 0.1963 -0.6575 0.1772, 0.1963 -0.7626 0.1776, 0.1963 -0.7626 0.1772, 0.1963 -0.7626 0.1772
            ]
        }
        coordIndex [
            0,1,2,-1,2,1,3,-1,1,4,3,-1,3,4,5,-1,4,6,5,-1,5,6,7,-1,6,8,7,-1,7,8,9,-1,8,10,9,-1,9,10,11,-1,10,12,11,-1,11,12,13,-1,12,14,13,-1,13,14,15,-1,14,0,15,-1,15,0,2,-1,16,8,17,-1,17,8,6,-1,18,14,16,-1,16,14,12,-1,16,12,8,-1,8,12,10,-1,18,19,14,-1,14,19,20,-1,14,20,0,-1,0,20,21,-1,0,21,22,-1,22,23,0,-1,0,23,17,-1,0,17,1,-1,1,17,6,-1,1,6,4,-1,16,17,24,-1,24,17,25,-1,18,16,26,-1,26,16,24,-1,18,26,27,-1,18,27,19,-1,19,27,28,-1,19,28,20,-1,21,20,29,-1,29,20,28,-1,21,29,30,-1,21,30,22,-1,22,30,31,-1,22,31,23,-1,17,23,25,-1,25,23,31,-1,32,33,34,-1,34,33,35,-1,33,36,35,-1,35,36,37,-1,36,38,37,-1,37,38,39,-1,40,41,42,-1,40,42,43,-1,43,42,44,-1,43,44,45,-1,45,44,46,-1,45,46,47,-1,47,46,48,-1,47,48,49,-1,49,48,50,-1,49,50,51,-1,51,50,52,-1,51,52,53,-1,53,52,54,-1,53,54,55,-1,55,54,39,-1,55,39,38,-1,32,34,56,-1,32,56,57,-1,57,56,58,-1,57,58,59,-1,59,58,60,-1,59,60,61,-1,61,60,62,-1,61,62,63,-1,63,62,64,-1,63,64,65,-1,65,64,66,-1,65,66,67,-1,67,66,41,-1,67,41,40,-1,45,47,68,-1,68,47,49,-1,68,49,69,-1,69,49,51,-1,69,51,70,-1,70,51,53,-1,70,53,71,-1,71,53,55,-1,71,55,72,-1,72,55,38,-1,72,38,73,-1,73,38,36,-1,73,36,74,-1,74,36,33,-1,74,33,75,-1,75,33,32,-1,75,32,76,-1,76,32,57,-1,76,57,77,-1,77,57,59,-1,77,59,78,-1,78,59,61,-1,78,61,79,-1,79,61,63,-1,79,63,80,-1,80,63,65,-1,80,65,81,-1,81,65,67,-1,81,67,82,-1,82,67,40,-1,82,40,83,-1,83,40,43,-1,83,43,84,-1,84,43,45,-1,84,45,68,-1,72,73,85,-1,85,73,86,-1,72,85,87,-1,72,87,71,-1,71,87,88,-1,71,88,70,-1,70,88,89,-1,70,89,69,-1,69,89,90,-1,69,90,68,-1,68,90,91,-1,68,91,84,-1,84,91,92,-1,84,92,83,-1,83,92,93,-1,83,93,82,-1,82,93,94,-1,82,94,81,-1,81,94,95,-1,81,95,80,-1,80,95,96,-1,80,96,79,-1,79,96,97,-1,79,97,78,-1,78,97,98,-1,78,98,77,-1,77,98,99,-1,77,99,76,-1,76,99,100,-1,76,100,75,-1,74,75,101,-1,101,75,100,-1,73,74,86,-1,86,74,101,-1,102,103,104,-1,104,103,105,-1,103,106,105,-1,105,106,107,-1,106,108,107,-1,107,108,109,-1,108,110,109,-1,109,110,111,-1,110,112,111,-1,111,112,113,-1,112,114,113,-1,113,114,115,-1,114,116,115,-1,115,116,117,-1,116,118,117,-1,117,118,119,-1,118,120,119,-1,119,120,121,-1,120,122,121,-1,121,122,123,-1,122,124,123,-1,123,124,125,-1,124,102,125,-1,125,102,104,-1,106,103,102,-1,102,124,106,-1,106,124,122,-1,106,122,108,-1,112,110,114,-1,114,110,108,-1,114,108,116,-1,116,108,122,-1,116,122,118,-1,118,122,120,-1,126,127,128,-1,128,127,129,-1,129,127,130,-1,131,132,133,-1,131,133,134,-1,134,133,135,-1,134,135,130,-1,130,135,136,-1,130,136,129,-1,132,131,137,-1,137,131,138,-1,137,138,139,-1,139,138,140,-1,139,140,141,-1,141,140,142,-1,141,142,143,-1,143,142,144,-1,143,144,145,-1,145,144,146,-1,145,146,147,-1,147,146,148,-1,147,148,149,-1,149,148,150,-1,149,150,151,-1,152,153,154,-1,152,154,155,-1,155,154,156,-1,155,156,157,-1,157,156,158,-1,157,158,159,-1,159,158,160,-1,159,160,161,-1,161,160,162,-1,161,162,163,-1,163,162,164,-1,163,164,165,-1,165,164,151,-1,165,151,150,-1,166,167,168,-1,166,168,169,-1,169,168,153,-1,169,153,152,-1,166,170,167,-1,167,170,171,-1,172,173,174,-1,172,174,175,-1,175,174,171,-1,175,171,170,-1,176,177,178,-1,176,178,179,-1,179,178,180,-1,179,180,181,-1,181,180,182,-1,181,182,183,-1,183,182,184,-1,183,184,185,-1,185,184,186,-1,185,186,187,-1,187,186,188,-1,187,188,189,-1,189,188,173,-1,189,173,172,-1,190,191,192,-1,190,192,193,-1,193,192,194,-1,193,194,195,-1,195,194,196,-1,195,196,197,-1,197,196,198,-1,197,198,199,-1,199,198,200,-1,199,200,201,-1,201,200,202,-1,201,202,203,-1,203,202,177,-1,203,177,176,-1,126,128,204,-1,126,204,205,-1,205,204,206,-1,205,206,207,-1,207,206,191,-1,207,191,190,-1,193,131,190,-1,190,131,134,-1,190,134,207,-1,207,134,130,-1,207,130,205,-1,205,130,127,-1,205,127,126,-1,170,166,175,-1,175,166,169,-1,175,169,172,-1,172,169,152,-1,172,152,189,-1,189,152,155,-1,189,155,187,-1,187,155,157,-1,187,157,185,-1,185,157,159,-1,185,159,183,-1,183,159,161,-1,183,161,181,-1,181,161,163,-1,181,163,179,-1,179,163,165,-1,179,165,176,-1,176,165,150,-1,176,150,203,-1,203,150,148,-1,203,148,201,-1,201,148,146,-1,201,146,199,-1,199,146,144,-1,199,144,197,-1,197,144,142,-1,197,142,195,-1,195,142,140,-1,195,140,193,-1,193,140,138,-1,193,138,131,-1,208,209,210,-1,210,209,211,-1,209,212,211,-1,211,212,213,-1,212,214,213,-1,213,214,215,-1,214,216,215,-1,215,216,217,-1,216,218,217,-1,217,218,219,-1,218,208,219,-1,219,208,210,-1,216,214,218,-1,218,214,212,-1,218,212,208,-1,208,212,209,-1,
        ]
    }
}
Shape{
    appearance Appearance {
        material  Material 	{
            diffuseColor 0.6666666666666666 0.6980392156862745 0.7686274509803922
            specularColor 0.3333333333333333 0.34901960784313724 0.3843137254901961
            ambientIntensity 0.2
            transparency 0
            shininess 0.5
        }
    }
    geometry IndexedFaceSet {
        ccw TRUE
        solid FALSE
        coord DEF co Coordinate {
            point [
                -0.1921 -0.7295 0.1772, -0.2316 -0.7295 0.1772, -0.2097 -0.6801 0.1772, -0.2138 -0.6801 0.1772, -0.2108 -0.6761 0.1772, -0.2127 -0.676 0.1772, -0.2116 -0.6719 0.1772, -0.212 -0.6719 0.1772, -0.0717 -0.6704 0.1772, -0.0717 -0.7626 0.1772, -0.0891 -0.6704 0.1772, -0.0884 -0.7626 0.1772, -0.1009 -0.7614 0.1772, -0.135 -0.7154 0.1772, -0.134 -0.7036 0.1772, -0.1313 -0.6943 0.1772, -0.1031 -0.6719 0.1772, -0.1108 -0.7583 0.1772, -0.1189 -0.7536 0.1772, -0.1255 -0.747 0.1772, -0.1305 -0.7389 0.1772, -0.1339 -0.7278 0.1772, -0.1272 -0.687 0.1772, -0.1214 -0.6809 0.1772, -0.1128 -0.6753 0.1772, 1.9173 0.7375 0.298, 1.9173 0.7579 0.2953, 1.9173 0.6791 0.374, 1.9173 0.9941 0.2953, 1.9173 0.9941 1.1063, 1.9173 0.7579 1.1063, 1.9173 0.7185 1.0958, 1.9173 0.7022 1.0832, 1.9173 0.6897 1.0669, 1.9173 0.6791 1.0276, 1.9173 0.6818 1.0479, 1.9173 0.6818 0.3536, 1.9173 0.6897 0.3346, 1.9173 0.7022 0.3183, 1.9173 0.7185 0.3058, 1.9173 0.7375 1.1036, 1.8386 0.6791 1.0276, 1.8386 0.6791 0.374, -1.9173 0.6791 0.374, -1.9173 0.7579 0.2953, -1.9173 0.7375 0.298, -1.9173 0.7579 1.1063, -1.9173 0.6791 1.0276, -1.9173 0.9941 0.2953, -1.9173 0.9941 1.1063, -1.9173 0.6897 1.0669, -1.9173 0.7022 1.0832, -1.9173 0.7185 1.0958, -1.9173 0.7185 0.3058, -1.9173 0.7022 0.3183, -1.9173 0.6818 0.3536, -1.9173 0.6897 0.3346, -1.9173 0.6818 1.0479, -1.9173 0.7375 1.1036, -1.8386 0.6791 0.374, -1.8386 0.6791 1.0276, 1.8386 0.7579 1.1063, 1.8386 0.7375 1.1036, 1.8386 0.7185 1.0958, 1.8386 0.7022 1.0832, 1.8386 0.6897 1.0669, 1.8386 0.6818 1.0479, 1.8386 0.6818 0.3536, 1.8386 0.6897 0.3346, 1.8386 0.7022 0.3183, 1.8386 0.7185 0.3058, 1.8386 0.7375 0.298, 1.8386 0.7579 0.2953, -1.8386 0.6818 0.3536, -1.8386 0.6897 0.3346, -1.8386 0.7022 0.3183, -1.8386 0.7185 0.3058, -1.8386 0.7375 0.298, -1.8386 0.7579 0.2953, -1.8386 0.7579 1.1063, -1.8386 0.7375 1.1036, -1.8386 0.7185 1.0958, -1.8386 0.7022 1.0832, -1.8386 0.6897 1.0669, -1.8386 0.6818 1.0479, -1.9146 1.0145 1.1063, -1.9146 1.0145 0.2953, -1.9068 1.0335 1.1063, -1.9068 1.0335 0.2953, -1.8943 1.0498 1.1063, -1.8943 1.0498 0.2953, -1.878 1.0623 1.1063, -1.878 1.0623 0.2953, -1.859 1.0702 1.1063, -1.859 1.0702 0.2953, -1.8386 1.0728 1.1063, -1.8386 1.0728 0.2953, 1.9146 1.0145 0.2953, 1.9146 1.0145 1.1063, 1.9068 1.0335 0.2953, 1.9068 1.0335 1.1063, 1.8943 1.0498 0.2953, 1.8943 1.0498 1.1063, 1.878 1.0623 0.2953, 1.878 1.0623 1.1063, 1.859 1.0702 0.2953, 1.859 1.0702 1.1063, 1.8386 1.0728 0.2953, 1.8386 1.0728 1.1063, 1.8386 1.0728 1.1063
            ]
        }
        coordIndex [
            0,1,2,-1,2,1,3,-1,2,3,4,-1,4,3,5,-1,4,5,6,-1,6,5,7,-1,8,9,10,-1,10,9,11,-1,10,11,12,-1,13,14,10,-1,10,14,15,-1,10,15,16,-1,12,17,10,-1,10,17,18,-1,10,18,19,-1,19,20,10,-1,10,20,21,-1,10,21,13,-1,22,23,15,-1,15,23,24,-1,15,24,16,-1,25,26,27,-1,28,29,26,-1,26,29,30,-1,31,32,33,-1,27,26,34,-1,34,26,30,-1,34,30,35,-1,36,37,38,-1,36,38,27,-1,27,38,39,-1,27,39,25,-1,35,30,33,-1,33,30,40,-1,33,40,31,-1,41,42,34,-1,34,42,27,-1,43,44,45,-1,46,43,47,-1,44,43,48,-1,48,43,46,-1,48,46,49,-1,50,51,52,-1,45,53,43,-1,43,53,54,-1,43,54,55,-1,55,54,56,-1,47,57,46,-1,46,57,50,-1,46,50,58,-1,58,50,52,-1,59,60,43,-1,43,60,47,-1,30,61,62,-1,30,62,40,-1,40,62,63,-1,40,63,31,-1,31,63,64,-1,31,64,32,-1,32,64,65,-1,32,65,33,-1,33,65,66,-1,33,66,35,-1,35,66,41,-1,35,41,34,-1,27,42,67,-1,27,67,36,-1,36,67,68,-1,36,68,37,-1,37,68,69,-1,37,69,38,-1,38,69,70,-1,38,70,39,-1,39,70,71,-1,39,71,25,-1,25,71,72,-1,25,72,26,-1,59,43,55,-1,59,55,73,-1,73,55,56,-1,73,56,74,-1,74,56,54,-1,74,54,75,-1,75,54,53,-1,75,53,76,-1,76,53,45,-1,76,45,77,-1,77,45,44,-1,77,44,78,-1,79,46,58,-1,79,58,80,-1,80,58,52,-1,80,52,81,-1,81,52,51,-1,81,51,82,-1,82,51,50,-1,82,50,83,-1,83,50,57,-1,83,57,84,-1,84,57,47,-1,84,47,60,-1,48,49,85,-1,48,85,86,-1,86,85,87,-1,86,87,88,-1,88,87,89,-1,88,89,90,-1,90,89,91,-1,90,91,92,-1,92,91,93,-1,92,93,94,-1,94,93,95,-1,94,95,96,-1,29,28,97,-1,29,97,98,-1,98,97,99,-1,98,99,100,-1,100,99,101,-1,100,101,102,-1,102,101,103,-1,102,103,104,-1,104,103,105,-1,104,105,106,-1,106,105,107,-1,106,107,108,-1,
        ]
    }
}